Player,Team,GP,MPG,FGM,FGA,FG%,3PM,3PA,3P%,FTM,FTA,FT%,TOV,PF,ORB,DRB,RPG,APG,SPG,BPG,PPG
James Harden,HOU,72,35.4,9,20.1,0.449,3.7,10,0.367,8.7,10.1,0.858,4.4,2.3,0.6,4.8,5.4,8.8,1.8,0.7,30.4
Anthony Davis,NOP,75,36.4,10.4,19.5,0.534,0.7,2.2,0.34,6.6,8,0.828,2.2,2.1,2.5,8.6,11.1,2.3,1.5,2.6,28.1
LeBron James,CLE,82,36.9,10.5,19.3,0.542,1.8,5,0.367,4.7,6.5,0.731,4.2,1.7,1.2,7.5,8.6,9.1,1.4,0.9,27.5
Damian Lillard,POR,73,36.6,8.5,19.4,0.439,3.1,8.6,0.361,6.8,7.4,0.916,2.8,1.6,0.8,3.6,4.5,6.6,1.1,0.4,26.9
Giannis Antetokounmpo,MIL,75,36.8,9.9,18.7,0.529,0.6,1.9,0.307,6.5,8.5,0.76,3,3.1,2.1,8,10,4.8,1.5,1.4,26.9
Stephen Curry,GSW,51,32,8.4,16.9,0.495,4.2,9.8,0.423,5.5,5.9,0.921,3,2.2,0.7,4.4,5.1,6.1,1.6,0.2,26.4
Kevin Durant,GSW,68,34.2,9.3,18,0.516,2.5,6.1,0.419,5.3,5.9,0.889,3,2,0.5,6.4,6.8,5.4,0.7,1.8,26.4
Russell Westbrook,OKC,80,36.4,9.5,21.1,0.449,1.2,4.1,0.298,5.2,7.1,0.737,4.8,2.5,1.9,8.2,10.1,10.2,1.8,0.2,25.4
DeMarcus Cousins,NOP,48,36.2,8.5,18,0.47,2.2,6.1,0.354,6.1,8.2,0.746,5,3.8,2.2,10.7,12.9,5.4,1.7,1.6,25.2
Devin Booker,PHX,54,34.5,8.4,19.5,0.432,2.7,7.1,0.383,5.4,6.1,0.878,3.6,3.1,0.5,4,4.5,4.7,0.9,0.3,24.9
Kyrie Irving,BOS,60,32.2,8.9,18.1,0.491,2.8,6.8,0.408,3.9,4.3,0.889,2.3,2,0.6,3.2,3.8,5.1,1.1,0.3,24.4
LaMarcus Aldridge,SAS,75,33.4,9.2,18,0.51,0.4,1.2,0.293,4.5,5.3,0.837,1.5,2.1,3.3,5.2,8.5,2,0.6,1.2,23.1
Victor Oladipo,IND,75,34,8.5,17.9,0.477,2.1,5.8,0.371,3.9,4.9,0.799,2.9,2.3,0.6,4.6,5.2,4.3,2.4,0.8,23.1
DeMar DeRozan,TOR,80,33.9,8.1,17.7,0.456,1.1,3.6,0.31,5.8,7,0.825,2.2,1.9,0.7,3.2,3.9,5.2,1.1,0.3,23
Joel Embiid,PHI,63,30.4,8.1,16.8,0.483,1,3.4,0.308,5.7,7.4,0.769,3.7,3.3,2.3,8.7,11,3.2,0.6,1.8,22.9
Kristaps Porzingis,NYK,48,32.4,8.1,18.5,0.439,1.9,4.8,0.395,4.5,5.7,0.793,1.9,2.9,1.3,5.3,6.6,1.2,0.8,2.4,22.7
Bradley Beal,WAS,82,36.3,8.3,18.1,0.46,2.4,6.5,0.375,3.6,4.5,0.791,2.6,2,0.7,3.7,4.4,4.5,1.2,0.4,22.6
Lou Williams,LAC,79,32.8,7.4,16.9,0.435,2.4,6.6,0.359,5.5,6.2,0.88,3,1.3,0.5,2,2.5,5.3,1.1,0.2,22.6
Jimmy Butler,MIN,59,36.7,7.4,15.6,0.474,1.2,3.4,0.35,6.2,7.2,0.854,1.8,1.3,1.3,4,5.3,4.9,2,0.4,22.2
Kemba Walker,CHA,80,34.2,7.3,17,0.431,2.9,7.5,0.384,4.5,5.2,0.864,2.2,1.2,0.4,2.7,3.1,5.5,1.1,0.3,22.1
Paul George,OKC,79,36.6,7.3,17,0.43,3.1,7.7,0.401,4.3,5.2,0.822,2.7,2.9,0.9,4.7,5.7,3.3,2,0.5,21.9
Blake Griffin,DET,58,34,7.5,17.2,0.438,1.9,5.6,0.345,4.5,5.7,0.785,2.8,2.4,1.3,6.1,7.4,5.8,0.7,0.3,21.4
C.J. McCollum,POR,81,36.1,8.2,18.6,0.443,2.3,5.9,0.397,2.6,3.1,0.836,1.9,2.1,0.7,3.3,4,3.4,1,0.4,21.4
Karl-Anthony Towns,MIN,82,35.6,7.8,14.3,0.545,1.5,3.5,0.421,4.2,4.9,0.858,1.9,3.5,2.9,9.4,12.3,2.4,0.8,1.4,21.3
Donovan Mitchell,UTA,79,33.4,7.5,17.2,0.437,2.4,7,0.34,3,3.8,0.805,2.7,2.7,0.7,3.1,3.7,3.7,1.5,0.3,20.5
Khris Middleton,MIL,82,36.4,7.2,15.5,0.466,1.8,5,0.359,3.9,4.4,0.884,2.3,3.3,0.5,4.7,5.2,4,1.5,0.3,20.1
MarShon Brooks,MEM,7,27.5,7.3,14.6,0.5,2.7,4.6,0.594,2.9,3.3,0.87,2.3,0.9,1.1,1.9,3,3.6,1.6,0.4,20.1
Klay Thompson,GSW,73,34.3,7.9,16.1,0.488,3.1,7.1,0.44,1.1,1.3,0.837,1.8,1.6,0.4,3.4,3.8,2.5,0.8,0.5,20
T.J. Warren,PHX,65,33,8.1,16.4,0.498,0.3,1.4,0.222,3,3.9,0.757,1.3,2.3,1.9,3.2,5.1,1.3,1,0.6,19.6
John Wall,WAS,41,34.4,6.8,16.3,0.42,1.5,4.1,0.371,4.3,5.9,0.726,3.9,2,0.5,3.1,3.7,9.6,1.4,1.1,19.4
Tyreke Evans,MEM,52,30.9,7,15.6,0.452,2.2,5.5,0.399,3.2,4,0.785,2.2,1.8,0.8,4.2,5.1,5.2,1.1,0.3,19.4
Dennis Schroder,ATL,67,31,7.5,17.1,0.436,1.1,3.9,0.29,3.4,4,0.849,2.7,2.2,0.7,2.4,3.1,6.2,1.1,0.1,19.4
Jrue Holiday,NOP,81,36.1,7.6,15.4,0.494,1.5,4.4,0.337,2.3,2.9,0.786,2.6,2.5,0.8,3.7,4.5,6,1.5,0.8,19
Harrison Barnes,DAL,77,34.2,7,15.7,0.445,1.5,4.3,0.357,3.4,4.1,0.827,1.5,1.2,1,5.1,6.1,2,0.6,0.2,18.9
Chris Paul,HOU,58,31.8,6.3,13.8,0.46,2.5,6.5,0.38,3.5,3.8,0.919,2.2,2.4,0.6,4.8,5.4,7.9,1.7,0.2,18.6
Tobias Harris,LAC,80,33.4,7,15.3,0.46,2.3,5.6,0.411,2.2,2.7,0.829,1.3,2,0.7,4.7,5.5,2.4,0.9,0.4,18.6
Nikola Jokic,DEN,75,32.5,6.7,13.5,0.499,1.5,3.7,0.396,3.5,4.2,0.85,2.8,2.8,2.6,8.1,10.7,6.1,1.2,0.8,18.5
Eric Gordon,HOU,69,31.2,6,14.1,0.428,3.2,8.8,0.359,2.8,3.5,0.809,1.9,1.7,0.4,2.1,2.5,2.2,0.6,0.4,18
Jeremy Lin,BRK,1,25.2,5,12,0.417,1,2,0.5,7,7,1,3,3,0,0,0,4,0,0,18
Evan Fournier,ORL,57,32.2,6.5,14.1,0.459,2.2,5.9,0.379,2.6,3,0.867,1.7,2.4,0.4,2.8,3.2,2.9,0.8,0.3,17.8
Eric Bledsoe,MIL,74,31.4,6.3,13.4,0.473,1.7,4.9,0.347,3.4,4.3,0.795,2.9,2.5,0.7,3.1,3.8,5,2,0.6,17.7
Andrew Wiggins,MIN,82,36.3,6.9,15.9,0.438,1.4,4.1,0.331,2.5,3.8,0.643,1.7,2,1,3.4,4.4,2,1.1,0.6,17.7
Aaron Gordon,ORL,58,32.9,6.5,14.9,0.434,2,5.9,0.336,2.7,3.9,0.698,1.8,1.9,1.5,6.4,7.9,2.3,1,0.8,17.6
Kevin Love,CLE,59,28,5.7,12.4,0.458,2.3,5.6,0.415,4,4.5,0.88,1.5,2,1.7,7.5,9.3,1.7,0.7,0.4,17.6
Tim Hardaway Jr.,NYK,57,33.1,6.3,15,0.421,2.3,7.2,0.317,2.6,3.1,0.816,1.6,2.2,0.6,3.4,3.9,2.7,1.1,0.2,17.5
Gary Harris,DEN,67,34.4,6.6,13.6,0.485,2.3,5.9,0.396,2,2.4,0.827,1.8,1.8,0.6,2.1,2.6,2.9,1.8,0.2,17.5
Goran Dragic,MIA,75,31.7,6.5,14.3,0.45,1.5,4,0.37,2.9,3.6,0.801,2.2,2.4,0.7,3.4,4.1,4.8,0.8,0.2,17.3
Marc Gasol,MEM,73,33,5.9,14.2,0.42,1.5,4.4,0.341,3.8,4.6,0.834,2.7,2.5,1.1,7,8.1,4.2,0.7,1.4,17.2
J.J. Redick,PHI,70,30.2,5.8,12.6,0.46,2.8,6.6,0.42,2.8,3.1,0.904,1.5,1.8,0.1,2.4,2.5,3,0.5,0.1,17.1
Mike Conley,MEM,12,31.1,5.3,14,0.381,2,6.4,0.312,4.4,5.5,0.803,1.5,2,0,2.2,2.2,4.1,1,0.2,17.1
Zach LaVine,CHI,24,27.3,5.7,14.8,0.383,1.8,5.1,0.341,3.6,4.5,0.813,1.8,2.3,0.4,3.5,3.9,3,1,0.2,16.7
Jamal Murray,DEN,81,31.7,5.9,13.1,0.451,2,5.4,0.378,2.8,3.1,0.905,2.1,2.1,1,2.7,3.7,3.4,1,0.3,16.7
Dwight Howard,CHA,81,30.4,6.2,11.2,0.555,0,0.1,0.143,4.1,7.2,0.574,2.6,3.1,3.1,9.3,12.5,1.3,0.6,1.6,16.6
Nikola Vucevic,ORL,57,29.5,7,14.7,0.475,1.1,3.6,0.314,1.4,1.6,0.819,1.9,2.5,1.8,7.4,9.2,3.4,1,1.1,16.5
Kyle Lowry,TOR,78,32.2,5.2,12.1,0.427,3.1,7.6,0.399,2.9,3.3,0.854,2.3,2.5,0.8,4.7,5.6,6.9,1.1,0.2,16.2
Kawhi Leonard,SAS,9,23.3,5.8,12.3,0.468,1.2,3.9,0.314,3.4,4.2,0.816,1.8,1,0.7,4,4.7,2.3,2,1,16.2
Carmelo Anthony,OKC,78,32.1,6.1,15,0.404,2.2,6.1,0.357,1.9,2.5,0.767,1.3,2.5,0.9,4.9,5.8,1.3,0.6,0.6,16.2
Julius Randle,LAL,82,26.7,6.1,11,0.558,0.1,0.5,0.222,3.7,5.2,0.718,2.6,3.3,2.2,5.8,8,2.6,0.5,0.5,16.1
Kyle Kuzma,LAL,77,31.2,6.1,13.5,0.45,2.1,5.6,0.366,1.9,2.7,0.707,1.8,2.1,1.1,5.1,6.3,1.8,0.6,0.4,16.1
Brandon Ingram,LAL,59,33.5,6.1,12.9,0.47,0.7,1.8,0.39,3.3,4.8,0.681,2.5,2.8,1,4.4,5.3,3.9,0.8,0.7,16.1
Ben Simmons,PHI,81,33.7,6.7,12.3,0.545,0,0.1,0,2.4,4.2,0.56,3.4,2.6,1.8,6.3,8.1,8.2,1.7,0.9,15.8
Will Barton,DEN,81,33.1,5.7,12.7,0.452,1.9,5.2,0.37,2.2,2.8,0.805,1.8,2.1,0.9,4.2,5,4.1,1,0.6,15.7
Nikola Mirotic,NOP,55,27.2,5.6,12.4,0.447,2.5,6.5,0.377,2,2.5,0.818,1.1,2,1.1,6.3,7.4,1.5,0.8,0.7,15.6
D'Angelo Russell,BRK,48,25.7,5.8,14,0.414,1.9,5.8,0.324,2,2.7,0.74,3.1,1.9,0.6,3.3,3.9,5.2,0.8,0.4,15.5
Danilo Gallinari,LAC,21,32,4.9,12.2,0.398,1.7,5.3,0.324,3.9,4.1,0.931,1.2,1.4,0.4,4.4,4.8,2,0.6,0.5,15.3
Lauri Markkanen,CHI,68,29.7,5.5,12.7,0.434,2.1,5.9,0.362,2.1,2.4,0.843,1.2,1.5,1.2,6.3,7.5,1.2,0.6,0.6,15.2
Dennis Smith,DAL,69,29.7,5.9,14.8,0.395,1.5,4.9,0.313,1.9,2.8,0.694,2.8,2.2,0.7,3,3.8,5.2,1,0.3,15.2
Isaiah Thomas,LAL,32,26.9,4.9,13.2,0.373,1.7,5.9,0.293,3.7,4.1,0.893,3,1.8,0.5,1.6,2.1,4.8,0.5,0.1,15.2
Austin Rivers,LAC,61,33.7,5.6,13.2,0.424,2.2,5.9,0.378,1.7,2.6,0.642,1.8,2.5,0.4,1.9,2.4,4,1.2,0.3,15.1
Andre Drummond,DET,78,33.7,6,11.3,0.529,0,0.1,0,3.1,5.1,0.605,2.6,3.2,5.1,10.9,16,3,1.5,1.6,15
Otto Porter,WAS,77,31.6,5.8,11.5,0.503,1.8,4.1,0.441,1.4,1.7,0.828,1,2,1.3,5.1,6.4,2,1.5,0.5,14.7
Rodney Hood,CLE,60,26.9,5.4,12.5,0.429,2.1,5.5,0.381,1.9,2.1,0.86,1.2,1.8,0.4,2.4,2.8,1.6,0.8,0.2,14.7
Dario Saric,PHI,78,29.6,5.2,11.4,0.453,2,5.1,0.393,2.3,2.7,0.86,1.9,2.1,2,4.7,6.7,2.6,0.7,0.3,14.6
Paul Millsap,DEN,38,30.1,5.3,11.4,0.464,1,3,0.345,2.9,4.2,0.696,1.9,2.6,1.7,4.7,6.4,2.7,1,1.2,14.6
Reggie Jackson,DET,45,26.7,5.5,12.8,0.426,1.2,3.8,0.308,2.5,3,0.836,2.2,1.9,0.6,2.1,2.8,5.3,0.6,0.1,14.6
Jaylen Brown,BOS,70,30.7,5.3,11.5,0.465,1.7,4.4,0.395,2.1,3.3,0.644,1.8,2.6,0.9,4,4.9,1.6,1,0.4,14.5
Zach Randolph,SAC,59,25.6,6.1,12.9,0.473,0.9,2.5,0.347,1.4,1.8,0.785,2,2,1.6,5.1,6.7,2.2,0.7,0.2,14.5
Jusuf Nurkic,POR,79,26.4,6.1,12,0.505,0,0.1,0,2.2,3.5,0.63,2.3,3.1,2.4,6.6,9,1.8,0.8,1.4,14.3
Dion Waiters,MIA,30,30.6,5.4,13.7,0.398,1.7,5.7,0.306,1.7,2.3,0.739,2.3,2,0.3,2.3,2.6,3.8,0.8,0.3,14.3
Bojan Bogdanovic,IND,80,30.8,5,10.7,0.474,1.9,4.8,0.402,2.2,2.6,0.868,1.3,1.6,0.4,3,3.4,1.5,0.7,0.1,14.3
Avery Bradley,LAC,46,31.2,5.6,13.6,0.414,1.6,4.4,0.369,1.4,1.8,0.768,2.2,2,0.5,2,2.5,2,1.1,0.2,14.3
Jeff Teague,MIN,70,33,5.1,11.3,0.446,1.2,3.3,0.368,2.9,3.4,0.845,2.5,2.4,0.3,2.6,3,7,1.5,0.3,14.2
Taurean Prince,ATL,82,30,5.1,11.9,0.426,2.1,5.6,0.385,1.9,2.2,0.844,2.3,2,0.6,4.1,4.7,2.6,1,0.5,14.1
Enes Kanter,NYK,71,25.8,5.9,10,0.592,0,0,0,2.2,2.6,0.848,1.7,2.6,3.8,7.1,11,1.5,0.5,0.5,14.1
Hassan Whiteside,MIA,54,25.3,5.8,10.7,0.54,0,0,1,2.4,3.4,0.703,1.7,2.4,3.2,8.2,11.4,1,0.7,1.7,14
Jonathon Simmons,ORL,69,29.4,5.1,11,0.465,1,3,0.338,2.7,3.5,0.768,2.1,2.5,0.9,2.6,3.5,2.5,0.8,0.2,13.9
Rondae Hollis-Jefferson,BRK,68,28.2,5,10.6,0.472,0.2,0.8,0.241,3.7,4.6,0.788,1.8,2.1,1.5,5.3,6.8,2.5,1,0.7,13.9
Jayson Tatum,BOS,80,30.5,5,10.4,0.475,1.3,3,0.434,2.7,3.2,0.826,1.4,2.1,0.6,4.4,5,1.6,1,0.7,13.9
Steven Adams,OKC,76,32.7,5.9,9.4,0.629,0,0,0,2.1,3.8,0.559,1.7,2.8,5.1,4,9,1.2,1.2,1,13.9
Jordan Clarkson,CLE,81,23.3,5.3,11.8,0.451,1.4,3.9,0.352,1.9,2.3,0.8,1.6,1.3,0.7,2,2.7,2.7,0.7,0.1,13.9
Clint Capela,HOU,74,27.5,6,9.1,0.652,0,0,0,1.9,3.5,0.56,1.4,2.5,3.3,7.6,10.8,0.9,0.8,1.9,13.9
Marcus Morris,BOS,54,26.8,4.9,11.3,0.429,1.6,4.3,0.368,2.3,2.9,0.805,1.2,1.9,0.8,4.6,5.4,1.3,0.6,0.2,13.6
Rudy Gobert,UTA,56,32.4,4.9,7.9,0.622,0,0,0,3.6,5.3,0.682,1.9,2.7,2.9,7.8,10.7,1.4,0.8,2.3,13.5
Buddy Hield,SAC,80,25.3,5.2,11.7,0.446,2.2,5.1,0.431,0.9,1,0.877,1.6,1.9,0.7,3.1,3.8,1.9,1.1,0.3,13.5
DeMarre Carroll,BRK,73,29.9,4.5,10.8,0.414,2,5.4,0.371,2.6,3.4,0.764,1.4,2.3,1.4,5.1,6.6,2,0.8,0.4,13.5
Kris Dunn,CHI,52,29.3,5.5,12.8,0.429,0.8,2.6,0.321,1.6,2.2,0.737,2.9,3.3,0.5,3.8,4.2,6,2,0.5,13.4
Kentavious Caldwell-Pope,LAL,74,33.2,4.6,10.8,0.426,2.1,5.6,0.383,2.1,2.6,0.789,1.3,2,0.8,4.4,5.2,2.2,1.4,0.2,13.4
Bobby Portis,CHI,73,22.5,5.2,11.1,0.471,1.1,3.1,0.359,1.6,2.1,0.769,1.4,1.8,2.2,4.6,6.8,1.7,0.7,0.3,13.2
Allen Crabbe,BRK,75,29.3,4.5,11,0.407,2.7,7.1,0.378,1.5,1.8,0.852,1,2.2,0.4,3.9,4.3,1.6,0.6,0.5,13.2
Michael Beasley,NYK,74,22.3,5.5,10.9,0.507,0.5,1.2,0.395,1.7,2.1,0.78,1.9,2,1.3,4.3,5.6,1.7,0.5,0.6,13.2
Josh Jackson,PHX,77,25.4,5.1,12.1,0.417,0.7,2.8,0.263,2.3,3.6,0.634,1.9,2.8,1.2,3.3,4.6,1.5,1,0.5,13.1
Ricky Rubio,UTA,77,29.3,4.5,10.7,0.418,1.2,3.5,0.352,2.9,3.3,0.866,2.7,2.7,0.6,4,4.6,5.3,1.6,0.1,13.1
Malcolm Brogdon,MIL,48,29.9,5.1,10.5,0.485,1.3,3.4,0.385,1.6,1.8,0.882,1.4,2.7,0.5,2.8,3.2,3.2,0.9,0.3,13
Brook Lopez,LAL,74,23.4,5,10.7,0.465,1.5,4.4,0.345,1.5,2.1,0.703,1.3,2.6,1,3,4,1.7,0.4,1.3,13
Jeremy Lamb,CHA,80,24.6,4.8,10.4,0.457,1.2,3.2,0.37,2.2,2.6,0.861,1.2,1.7,0.6,3.4,4,2.3,0.8,0.4,12.9
Josh Richardson,MIA,81,33.2,4.9,10.9,0.451,1.6,4.1,0.378,1.5,1.8,0.845,1.7,2.5,0.9,2.7,3.5,2.9,1.5,0.9,12.9
Al Horford,BOS,72,31.6,5.1,10.5,0.489,1.3,3.1,0.429,1.3,1.7,0.783,1.8,1.9,1.4,5.9,7.4,4.7,0.6,1.1,12.9
Kent Bazemore,ATL,65,27.5,4.4,10.4,0.42,1.7,4.2,0.394,2.5,3.1,0.796,2.4,2.3,0.4,3.4,3.8,3.5,1.5,0.7,12.9
Trey Burke,NYK,36,21.8,5.4,10.7,0.503,1.1,2.9,0.362,1,1.6,0.649,1.2,1.2,0.4,1.6,2,4.7,0.7,0.1,12.8
Willie Cauley-Stein,SAC,73,28,5.3,10.6,0.502,0,0.2,0.25,2.1,3.4,0.619,1.5,2.5,1.8,5.2,7,2.4,1.1,0.9,12.8
Myles Turner,IND,65,28.3,4.7,9.8,0.479,0.9,2.4,0.357,2.5,3.2,0.777,1.5,2.9,1.4,5,6.4,1.3,0.6,1.8,12.7
Wesley Matthews,DAL,63,33.8,4.5,11.1,0.406,2.4,6.4,0.381,1.3,1.6,0.822,1.3,2.2,0.4,2.7,3.1,2.7,1.2,0.3,12.7
Jonas Valanciunas,TOR,77,22.4,5.1,8.9,0.568,0.4,1,0.405,2.2,2.7,0.806,1.5,2.5,2.4,6.2,8.6,1.1,0.4,0.9,12.7
Elfrid Payton,PHX,63,28.7,5.2,10.6,0.493,0.5,1.5,0.326,1.7,2.7,0.649,2.7,2.3,1,3.3,4.3,6.2,1.3,0.3,12.7
Serge Ibaka,TOR,76,27.5,5,10.3,0.483,1.4,3.9,0.36,1.2,1.6,0.797,1.2,2.8,1,5.3,6.3,0.8,0.4,1.3,12.6
Jabari Parker,MIL,31,24,5.2,10.7,0.482,1,2.6,0.383,1.3,1.7,0.741,1.5,1.6,1.4,3.5,4.9,1.9,0.8,0.3,12.6
Robert Covington,PHI,80,31.6,4.3,10.4,0.413,2.5,6.9,0.369,1.4,1.7,0.853,1.6,3,0.7,4.7,5.4,1.9,1.7,0.9,12.6
Spencer Dinwiddie,BRK,80,28.8,4,10.5,0.387,1.8,5.4,0.326,2.7,3.4,0.813,1.6,2.3,0.5,2.7,3.2,6.5,0.8,0.3,12.6
E'Twaun Moore,NOP,82,31.5,5.2,10.1,0.508,1.6,3.7,0.425,0.6,0.8,0.706,1.2,2.2,0.7,2.2,2.9,2.3,1,0.1,12.5
Darren Collison,IND,69,29.3,4.6,9.2,0.495,1.4,3,0.468,1.8,2.1,0.882,1.2,1.8,0.5,2,2.6,5.3,1.3,0.2,12.4
Derrick Favors,UTA,77,28,5.1,9.1,0.563,0.2,0.8,0.222,1.8,2.8,0.651,1.1,2.1,2.6,4.6,7.2,1.3,0.7,1.1,12.3
Taj Gibson,MIN,82,33.3,5.2,9,0.577,0.1,0.4,0.2,1.7,2.3,0.768,1.1,2.7,2.4,4.8,7.1,1.2,0.8,0.7,12.2
Patrick Beverley,LAC,11,30.3,4.4,10.8,0.403,2.2,5.5,0.4,1.3,1.5,0.824,2.3,3.1,1.5,2.6,4.1,2.9,1.7,0.5,12.2
Justin Holiday,CHI,72,31.5,4,10.9,0.371,2.2,6.2,0.359,1.9,2.3,0.823,1.3,1.9,0.4,3.6,4,2.1,1.1,0.4,12.2
Marco Belinelli,PHI,80,24.3,4.2,9.6,0.441,1.9,4.9,0.377,1.9,2,0.908,1.2,1.1,0.2,1.6,1.9,1.9,0.8,0.1,12.1
Gerald Green,HOU,41,22.7,4.1,10.1,0.407,2.7,7.3,0.369,1.2,1.5,0.85,0.8,2.1,0.3,2.9,3.2,0.6,0.6,0.4,12.1
Caris LeVert,BRK,71,26.2,4.5,10.4,0.435,1.2,3.5,0.347,1.9,2.6,0.711,2.2,2.2,0.7,2.9,3.7,4.2,1.2,0.3,12.1
DeAndre Jordan,LAC,77,31.5,4.8,7.5,0.645,0,0,0,2.4,4.1,0.58,1.8,2.6,4.3,10.9,15.2,1.5,0.5,0.9,12
Dirk Nowitzki,DAL,77,24.7,4.5,9.8,0.456,1.8,4.4,0.409,1.3,1.4,0.898,0.7,1.9,0.3,5.4,5.7,1.6,0.6,0.6,12
Courtney Lee,NYK,76,30.4,4.5,9.9,0.454,1.5,3.7,0.406,1.5,1.6,0.919,1.1,1.4,0.4,2.6,2.9,2.4,1.1,0.2,12
Andre Ingram,LAL,2,32.1,4,8.5,0.471,2.5,4.5,0.556,1.5,1.5,1,1.5,1.5,0.5,2.5,3,3.5,1.5,1.5,12
Robin Lopez,CHI,64,26.4,5.3,10.1,0.53,0.1,0.2,0.286,1.1,1.4,0.756,1.7,1.7,2.1,2.4,4.5,1.9,0.2,0.8,11.8
Thaddeus Young,IND,81,32.2,5.2,10.7,0.487,0.7,2.2,0.32,0.7,1.1,0.598,1.3,2.2,2.3,4,6.3,1.9,1.7,0.4,11.8
"Kelly Oubre, Jr.",WAS,81,27.5,3.9,9.8,0.403,1.6,4.6,0.341,2.4,2.9,0.82,1.1,2.9,0.7,3.8,4.5,1.2,1,0.4,11.8
Bogdan Bogdanovic,SAC,78,27.9,4.4,9.9,0.446,1.7,4.2,0.392,1.3,1.5,0.84,1.6,2.2,0.4,2.5,2.9,3.3,0.9,0.2,11.8
Tyler Johnson,MIA,72,28.5,4.3,9.9,0.435,1.7,4.5,0.367,1.5,1.8,0.822,1.1,2.1,0.5,3,3.4,2.3,0.8,0.5,11.7
Trevor Ariza,HOU,67,33.9,4,9.7,0.412,2.5,6.9,0.368,1.1,1.3,0.854,0.8,2,0.5,3.9,4.4,1.6,1.5,0.2,11.7
Domas Sabonis,IND,74,24.5,4.6,8.9,0.514,0.2,0.5,0.351,2.3,3,0.75,1.9,3,2.2,5.5,7.7,2,0.5,0.4,11.6
J.J. Barea,DAL,69,23.2,4.4,10,0.439,1.7,4.5,0.367,1.2,1.5,0.784,2.1,1.2,0.2,2.7,2.9,6.3,0.5,0,11.6
Nicolas Batum,CHA,64,31,4.2,10.2,0.415,1.4,4.3,0.336,1.7,2,0.831,2,1.1,0.9,3.9,4.8,5.5,1,0.4,11.6
De'Aaron Fox,SAC,73,27.7,4.5,10.9,0.412,0.6,2.1,0.307,1.9,2.7,0.723,2.4,2.2,0.5,2.3,2.8,4.4,1,0.3,11.6
Markieff Morris,WAS,73,27,4.5,9.4,0.48,1,2.8,0.367,1.4,1.8,0.82,1.7,3,1,4.6,5.6,1.9,0.8,0.5,11.5
Rudy Gay,SAS,57,21.6,4.4,9.4,0.471,0.6,2.1,0.314,2,2.5,0.772,1.4,1.7,1.3,3.8,5.1,1.3,0.8,0.7,11.5
Kelly Olynyk,MIA,76,23.4,4.2,8.4,0.497,1.4,3.7,0.379,1.8,2.3,0.77,1.9,2.9,1.2,4.5,5.7,2.7,0.8,0.5,11.5
Joe Ingles,UTA,82,31.4,4.1,8.8,0.467,2.5,5.7,0.44,0.8,1,0.795,1.9,2.2,0.3,3.9,4.2,4.8,1.1,0.2,11.5
Dwyane Wade,MIA,67,22.9,4.5,10.2,0.438,0.5,1.7,0.288,2,2.8,0.714,2.1,1.9,0.7,3,3.8,3.4,0.9,0.7,11.4
Reggie Bullock,DET,62,27.9,4.3,8.8,0.489,2,4.5,0.445,0.6,0.8,0.796,0.8,1.1,0.4,2,2.5,1.5,0.8,0.2,11.3
Terry Rozier,BOS,80,25.9,4,10,0.395,1.9,5,0.381,1.4,1.9,0.772,1,1.5,0.8,3.9,4.7,2.9,1,0.2,11.2
Wayne Ellington,MIA,77,26.5,3.7,9.1,0.407,2.9,7.5,0.392,0.9,1,0.859,0.7,1.2,0.3,2.5,2.8,1,0.7,0.1,11.2
Frank Kaminsky,CHA,79,23.2,3.9,9.1,0.429,1.3,3.5,0.38,2,2.5,0.799,0.8,1.2,0.6,3.1,3.6,1.6,0.5,0.2,11.1
Draymond Green,GSW,70,32.7,4,8.8,0.454,1.1,3.7,0.301,1.9,2.5,0.775,2.9,2.6,1.1,6.6,7.6,7.3,1.4,1.3,11
Montrezl Harrell,LAC,76,17,4.6,7.2,0.635,0,0.1,0.143,1.8,2.9,0.626,0.9,1.9,1.4,2.7,4,1,0.5,0.7,11
Dillon Brooks,MEM,82,28.7,4.1,9.4,0.44,1.1,3.2,0.356,1.5,2,0.747,1.5,2.8,0.6,2.5,3.1,1.6,0.9,0.2,11
Ish Smith,DET,82,24.9,4.7,9.8,0.486,0.4,1.2,0.347,1,1.4,0.698,1.3,1.7,0.3,2.4,2.7,4.4,0.8,0.2,10.9
Ersan Ilyasova,PHI,69,25.1,4,8.9,0.452,1.3,3.7,0.36,1.5,2,0.778,1,2.3,1.7,4.2,5.9,1.3,0.9,0.4,10.9
Joe Harris,BRK,78,25.3,3.9,8,0.491,1.9,4.6,0.419,1.1,1.3,0.827,1.2,2,0.7,2.7,3.3,1.6,0.4,0.3,10.8
Jeff Green,CLE,78,23.4,3.8,7.9,0.477,0.7,2.2,0.312,2.6,3,0.868,1,1.9,0.8,2.4,3.2,1.3,0.5,0.4,10.8
James Johnson,MIA,73,26.6,4.2,8.4,0.503,0.8,2.5,0.308,1.5,2.2,0.698,1.9,2.6,0.8,4.1,4.9,3.8,1,0.7,10.8
Damion Lee,ATL,15,27,4.1,10.1,0.408,1,4,0.25,1.5,1.9,0.759,0.9,1.7,0.7,4,4.7,1.9,1.3,0.1,10.7
John Collins,ATL,74,24.1,4.2,7.4,0.576,0.2,0.6,0.34,1.8,2.5,0.715,1.4,2.9,2.4,4.9,7.3,1.3,0.6,1.1,10.5
JaMychal Green,MEM,55,28,4.1,8.9,0.457,0.8,2.3,0.339,1.5,2,0.721,1.4,2.8,2.7,5.8,8.4,1.4,0.6,0.5,10.3
Jamal Crawford,MIN,80,20.7,3.9,9.3,0.415,1.3,3.9,0.331,1.3,1.4,0.903,1.2,1.1,0.3,1,1.2,2.3,0.5,0.1,10.3
Greg Monroe,BOS,51,20.4,4.3,7.6,0.565,0,0,0,1.7,2.3,0.739,1.8,1.9,2.1,4.7,6.9,2.2,0.9,0.5,10.3
Yogi Ferrell,DAL,82,27.8,3.8,8.9,0.426,1.6,4.4,0.373,1,1.3,0.796,1,1.9,0.3,2.7,3,2.5,0.8,0.1,10.2
D.J. Augustin,ORL,75,23.5,3.3,7.2,0.452,1.5,3.6,0.419,2.2,2.5,0.868,1.6,1.3,0.4,1.7,2.1,3.8,0.7,0,10.2
Marcus Smart,BOS,54,29.9,3.5,9.5,0.367,1.4,4.6,0.301,1.8,2.5,0.729,2.4,2.5,0.8,2.7,3.5,4.8,1.3,0.4,10.2
Denzel Valentine,CHI,77,27.2,3.9,9.4,0.417,1.9,4.8,0.386,0.5,0.7,0.745,1.3,2.4,0.6,4.5,5.1,3.2,0.8,0.1,10.2
Lonzo Ball,LAL,52,34.2,3.9,10.8,0.36,1.7,5.7,0.305,0.6,1.4,0.451,2.6,2.2,1.3,5.6,6.9,7.2,1.7,0.8,10.2
Pau Gasol,SAS,77,23.5,3.7,8.1,0.458,0.6,1.6,0.358,2.1,2.7,0.756,1.4,1.6,1.7,6.4,8,3.1,0.3,1,10.1
Patty Mills,SAS,82,25.7,3.4,8.3,0.411,1.9,5,0.372,1.3,1.4,0.89,1.3,1.6,0.3,1.6,1.9,2.8,0.7,0.1,10
C.J. Miles,TOR,70,19.1,3.2,8.6,0.379,2.3,6.5,0.361,1.2,1.4,0.835,0.6,1.9,0.3,1.9,2.2,0.8,0.5,0.3,10
Wilson Chandler,DEN,74,31.7,3.8,8.5,0.445,1.2,3.3,0.358,1.2,1.5,0.772,1.2,2.1,1.4,4,5.4,2.2,0.6,0.5,10
George Hill,CLE,67,27,3.5,7.7,0.46,1.3,3.1,0.415,1.6,2.1,0.786,1.3,1.9,0.6,2.1,2.7,2.8,0.9,0.4,10
Dewayne Dedmon,ATL,62,24.9,4,7.7,0.524,0.8,2.3,0.355,1.1,1.4,0.779,1.4,2.6,1.6,6.3,7.9,1.5,0.6,0.8,10
Trey Lyles,DEN,73,19,3.7,7.5,0.491,1.1,3,0.381,1.4,2,0.706,0.8,1.5,0.8,4,4.8,1.2,0.4,0.5,9.9
Tyrone Wallace,LAC,30,28.4,3.7,8.2,0.445,0.3,1.3,0.25,2,2.6,0.782,1.5,2.8,0.7,2.8,3.5,2.4,0.9,0.4,9.7
Jae Crowder,UTA,80,26.1,3.4,8.4,0.404,1.4,4.3,0.323,1.5,1.9,0.818,0.9,2.3,0.7,2.7,3.4,1.2,0.8,0.3,9.7
Mario Hezonja,ORL,75,22.1,3.6,8.2,0.442,1.2,3.6,0.337,1.1,1.4,0.819,1.1,1.8,0.5,3.2,3.7,1.4,1.1,0.4,9.6
Marvin Williams,CHA,78,25.7,3.3,7.2,0.458,1.6,3.9,0.413,1.3,1.6,0.829,0.8,1.5,0.9,3.8,4.7,1.2,0.7,0.5,9.5
Milos Teodosic,LAC,45,25.2,3.4,8,0.419,2,5.2,0.379,0.9,1,0.848,2.2,2.3,0.4,2.4,2.8,4.6,0.5,0.1,9.5
Andrew Harrison,MEM,56,23.7,3.2,7.7,0.422,0.8,2.5,0.331,2.2,2.8,0.78,1.4,2.5,0.4,1.9,2.3,3.2,0.7,0.5,9.5
Quinn Cook,GSW,33,22.4,3.7,7.6,0.484,1.4,3.2,0.442,0.7,0.8,0.88,1,1.8,0.3,2.2,2.5,2.7,0.4,0,9.5
Ryan Anderson,HOU,66,26.1,3.1,7.3,0.431,2,5.1,0.386,1.1,1.4,0.774,0.6,1.9,1.4,3.6,5,0.9,0.4,0.3,9.3
Al-Farouq Aminu,POR,69,30,3.3,8.4,0.395,1.8,4.9,0.369,0.9,1.2,0.738,1.1,2,1.4,6.2,7.6,1.2,1.1,0.6,9.3
Mike James,NOP,36,19.1,3.4,8.9,0.383,0.7,2.7,0.265,1.8,2.3,0.762,1.4,1.3,0.4,2.1,2.5,3.5,0.8,0.2,9.3
Wayne Selden,MEM,35,19.8,3.3,7.7,0.431,1.4,3.5,0.402,1.3,1.7,0.746,1.5,1.7,0.5,1.1,1.6,1.9,0.5,0.1,9.3
Lance Stephenson,IND,82,22.6,3.7,8.6,0.427,0.8,2.8,0.289,1,1.5,0.661,1.6,2.2,0.8,4.4,5.2,2.9,0.6,0.2,9.2
Kyle Korver,CLE,73,21.6,3,6.6,0.459,2.2,5.2,0.436,0.9,1,0.889,0.8,1.8,0.1,2.1,2.3,1.2,0.4,0.4,9.2
Michael Kidd-Gilchrist,CHA,74,25,3.8,7.6,0.504,0,0,0,1.6,2.3,0.684,0.7,1.9,1.1,2.9,4.1,1,0.7,0.4,9.2
Anthony Tolliver,DET,79,22.2,2.8,6,0.464,2,4.6,0.436,1.3,1.7,0.797,0.7,1.8,0.6,2.4,3.1,1.1,0.4,0.3,8.9
Troy Daniels,PHX,79,20.5,2.9,7.3,0.403,2.3,5.8,0.4,0.7,0.8,0.875,0.7,1.7,0.2,1.5,1.6,0.6,0.3,0.1,8.9
Manu Ginobili,SAS,65,20,3.1,7.1,0.434,1,3,0.333,1.7,2,0.84,1.6,1.9,0.3,1.9,2.2,2.5,0.7,0.2,8.9
Cameron Payne,CHI,25,23.3,3.5,8.6,0.405,1.4,3.6,0.385,0.5,0.6,0.75,1.4,1.8,0.7,2,2.8,4.5,1,0.4,8.8
Mike Scott,WAS,76,18.5,3.6,6.9,0.527,0.9,2.1,0.405,0.7,1,0.658,1,1.9,0.7,2.6,3.2,1.1,0.3,0.1,8.8
John Henson,MIL,76,25.9,3.8,6.6,0.572,0,0.1,0.143,1.2,2.1,0.57,1.1,2.7,2,4.8,6.8,1.5,0.6,1.4,8.8
Johnathan Motley,DAL,11,16,3.6,6.8,0.533,0.1,0.5,0.167,1.4,2.5,0.536,0.8,1.6,1.3,3.2,4.5,0.6,0.3,0.2,8.7
Skal Labissiere,SAC,60,20.7,3.4,7.6,0.448,0.3,0.8,0.353,1.6,2,0.805,1.2,2.2,1.6,3.1,4.8,1.2,0.4,0.8,8.7
Terrence Ross,ORL,24,25,3.2,8,0.398,1.2,3.9,0.323,1.1,1.5,0.75,1.2,1.9,0.4,2.6,3,1.6,1.1,0.5,8.7
Shabazz Napier,POR,74,20.7,3,7.2,0.42,1.1,2.9,0.376,1.6,1.9,0.841,1.2,1.1,0.4,1.9,2.3,2,1.1,0.2,8.7
"Larry Nance, Jr.",CLE,66,21.5,3.6,6.3,0.581,0,0.2,0.167,1.4,2.1,0.664,0.8,2.6,2.4,4.4,6.8,1.2,1.3,0.6,8.7
Stanley Johnson,DET,69,27.4,3,8.1,0.375,1,3.4,0.286,1.6,2.1,0.772,1.1,2.4,0.5,3.2,3.7,1.6,1.4,0.2,8.7
Emmanuel Mudiay,NYK,64,19.4,3.2,8.2,0.388,0.7,2.3,0.318,1.5,2,0.76,1.8,1.2,0.4,2,2.4,3.2,0.6,0.2,8.6
Fred VanVleet,TOR,76,20,3.1,7.2,0.426,1.4,3.4,0.414,1.1,1.3,0.832,1,1.7,0.3,2.1,2.4,3.2,0.9,0.2,8.6
Isaiah Canaan,PHX,20,21.1,2.6,6.8,0.38,1.1,3.3,0.333,2.3,2.5,0.902,1.4,1.8,0.3,1.9,2.2,3.8,0.8,0.1,8.6
Danny Green,SAS,70,25.6,3.1,8,0.387,1.7,4.6,0.362,0.7,0.9,0.769,1.1,1.7,0.6,3,3.6,1.6,0.9,1.1,8.6
Alex Len,PHX,69,20.2,3.1,5.5,0.566,0,0,0.333,2.3,3.3,0.684,1.1,2.3,2.5,5,7.5,1.2,0.4,0.9,8.5
Jonathan Gibson,BOS,4,10,3.5,5.8,0.609,1.5,3,0.5,0,0,0,0.8,1.2,0,0.8,0.8,1,0,0,8.5
Dwight Powell,DAL,79,21.2,3.2,5.4,0.593,0.4,1.1,0.333,1.7,2.3,0.719,0.7,2.4,1.7,3.9,5.6,1.2,0.8,0.4,8.5
Jerami Grant,OKC,81,20.3,3,5.6,0.535,0.4,1.4,0.291,2,3,0.675,0.7,1.9,1.1,2.9,3.9,0.7,0.4,1,8.4
Garrett Temple,SAC,65,24.8,3.1,7.3,0.418,1.4,3.5,0.392,0.9,1.2,0.769,1.2,2.1,0.3,2,2.3,1.9,0.9,0.4,8.4
Marcin Gortat,WAS,82,25.3,3.5,6.8,0.518,0,0,0,1.3,2,0.675,1.2,2.1,2.2,5.4,7.6,1.8,0.5,0.7,8.4
Devin Harris,DEN,71,18.9,2.6,6.4,0.412,1.1,3.2,0.348,2,2.4,0.835,1.1,2.2,0.2,1.6,1.8,2.1,0.7,0.2,8.4
Jerian Grant,CHI,74,22.8,2.8,6.8,0.416,0.8,2.5,0.326,1.9,2.5,0.745,1.2,1.8,0.4,1.9,2.3,4.6,0.9,0.1,8.4
Derrick Rose,MIN,25,16.8,3.2,7.4,0.435,0.3,1.2,0.233,1.6,1.8,0.87,1.4,0.6,0.5,0.9,1.4,1.5,0.3,0.2,8.4
J.R. Smith,CLE,80,28.1,3,7.4,0.403,1.8,4.8,0.375,0.5,0.7,0.696,1,2,0.4,2.6,2.9,1.8,0.8,0.1,8.3
Rajon Rondo,NOP,65,26.2,3.6,7.6,0.468,0.8,2.3,0.333,0.4,0.7,0.543,2.3,1.8,0.5,3.6,4,8.2,1.1,0.2,8.3
Evan Turner,POR,79,25.7,3.3,7.3,0.447,0.5,1.7,0.318,1.2,1.4,0.85,1.3,2.1,0.4,2.7,3.1,2.2,0.6,0.4,8.2
Thabo Sefolosha,UTA,38,21.2,3.1,6.3,0.492,0.8,2.2,0.381,1.2,1.4,0.815,0.8,1.6,0.8,3.5,4.2,0.9,1.4,0.3,8.2
Jarrett Allen,BRK,72,20,3.2,5.5,0.589,0.1,0.2,0.333,1.6,2,0.776,1.1,2,2,3.4,5.4,0.7,0.4,1.2,8.2
Dante Exum,UTA,14,16.8,3,6.2,0.483,0.4,1.3,0.278,1.8,2.2,0.806,1.4,1.4,0.3,1.6,1.9,3.1,0.6,0.2,8.1
Dejounte Murray,SAS,81,21.5,3.3,7.5,0.443,0.1,0.4,0.265,1.3,1.8,0.709,1.7,1.9,1.4,4.3,5.7,2.9,1.2,0.4,8.1
Delon Wright,TOR,69,20.8,2.9,6.3,0.465,0.8,2.2,0.366,1.4,1.7,0.829,1.1,1.2,0.7,2.2,2.9,2.9,1,0.5,8
Aaron Jackson,HOU,1,34.5,3,9,0.333,1,4,0.25,1,2,0.5,1,4,2,1,3,1,0,0,8
Antonio Blakeney,CHI,19,16.5,2.8,7.5,0.371,0.8,2.7,0.288,1.6,2.1,0.769,0.6,1,0.2,1.5,1.7,1.1,0.4,0.1,7.9
Frank Mason,SAC,52,18.9,2.8,7.3,0.379,0.6,1.7,0.36,1.8,2.2,0.817,1.2,1.4,0.6,1.9,2.5,2.8,0.7,0.2,7.9
David Nwaba,CHI,70,23.5,2.9,6,0.478,0.3,0.7,0.346,1.9,2.9,0.655,1.1,2.3,1.3,3.4,4.7,1.5,0.8,0.4,7.9
Cory Joseph,IND,82,26.9,3.1,7.4,0.424,0.8,2.3,0.353,0.9,1.1,0.745,1.1,1.7,0.5,2.7,3.2,3.2,1,0.2,7.9
Kyle Anderson,SAS,74,26.7,3.1,5.9,0.527,0.3,0.8,0.333,1.4,2,0.712,1.3,1.5,1.1,4.2,5.4,2.7,1.6,0.8,7.9
Chandler Parsons,MEM,36,19.2,3,6.5,0.462,1.4,3.4,0.421,0.5,0.8,0.63,1,1.5,0.4,2.1,2.5,1.9,0.5,0.3,7.9
Josh Hart,LAL,63,23.2,2.8,6,0.469,1.2,3.1,0.396,1,1.5,0.702,0.7,1.7,0.7,3.5,4.2,1.3,0.7,0.3,7.9
Jerryd Bayless,PHI,39,23.7,2.8,6.7,0.416,1.4,3.7,0.37,0.9,1.1,0.795,1.2,2.3,0.4,1.7,2.1,1.4,0.6,0.2,7.9
Tyler Ulis,PHX,71,23.4,3,7.8,0.388,0.6,2.1,0.288,1.2,1.4,0.832,1.8,1.7,0.3,1.5,1.8,4.4,1,0.1,7.8
Justise Winslow,MIA,68,24.7,3,7.2,0.424,0.7,1.9,0.38,1,1.5,0.635,1.1,2.1,0.9,4.5,5.4,2.2,0.8,0.5,7.8
Doug McDermott,DAL,81,21.8,2.9,6.3,0.467,1.1,2.7,0.426,0.8,1,0.79,0.7,1.5,0.5,2,2.5,1,0.2,0.2,7.8
Darius Miller,NOP,82,23.7,2.6,5.9,0.444,1.8,4.4,0.411,0.7,0.8,0.866,0.7,2,0.2,1.8,2,1.4,0.3,0.2,7.8
Jarell Martin,MEM,73,22.7,3,6.8,0.446,0.5,1.3,0.347,1.2,1.6,0.767,1.2,2.9,1.3,3,4.4,1,0.5,0.7,7.7
Marreese Speights,ORL,52,13,2.7,6.7,0.395,1.7,4.5,0.369,0.8,1.1,0.727,0.8,2,0.4,2.2,2.6,0.8,0.2,0.4,7.7
Marquese Chriss,PHX,72,21.2,2.8,6.6,0.423,0.8,2.6,0.295,1.3,2.2,0.608,1.5,2.8,1.1,4.4,5.5,1.2,0.7,1,7.7
Alec Burks,UTA,64,16.5,2.7,6.5,0.411,0.7,2.2,0.331,1.7,1.9,0.863,0.9,1.2,0.3,2.7,3,1,0.6,0.1,7.7
Mario Chalmers,MEM,66,21.5,2.5,6.7,0.379,0.8,2.9,0.277,1.8,2.1,0.855,1.8,2.7,0.2,2.2,2.4,3,1.2,0.2,7.7
Tony Parker,SAS,55,19.5,3.2,7.1,0.459,0.2,0.7,0.27,1,1.4,0.705,1.2,0.9,0.1,1.6,1.7,3.5,0.5,0,7.7
Luke Kennard,DET,73,20,2.8,6.4,0.443,1.1,2.7,0.415,0.9,1,0.855,0.9,1.2,0.3,2.1,2.4,1.7,0.6,0.2,7.6
Mike Muscala,ATL,53,20,2.7,5.9,0.458,1.2,3.2,0.371,1.1,1.2,0.919,0.8,1.5,1.1,3.3,4.3,1,0.6,0.5,7.6
Luc Mbah a Moute,HOU,61,25.6,2.7,5.7,0.481,1,2.8,0.364,1.1,1.6,0.684,1.1,1.6,0.4,2.7,3,0.9,1.2,0.4,7.5
Ben McLemore,MEM,56,19.5,2.8,6.7,0.421,1,2.8,0.346,0.9,1.1,0.828,1.1,2.5,0.6,1.9,2.5,0.9,0.7,0.3,7.5
Jarrett Jack,NYK,62,25,3,7.1,0.427,0.4,1.4,0.291,1,1.2,0.84,1.9,1.6,0.4,2.7,3.1,5.6,0.6,0.1,7.5
Ian Clark,NOP,74,19.7,3,6.7,0.448,0.8,2.6,0.318,0.6,0.8,0.763,0.8,1.6,0.1,1.6,1.7,1.5,0.4,0.1,7.4
Dwight Buycks,DET,29,14.7,2.8,6.8,0.414,0.5,1.6,0.333,1.2,1.4,0.878,1.3,1.3,0.4,1,1.4,2,0.7,0.1,7.4
Pascal Siakam,TOR,81,20.7,3.1,6.1,0.508,0.4,1.6,0.22,0.7,1.1,0.621,0.8,2,1,3.5,4.5,2,0.8,0.5,7.3
Nick Young,GSW,80,17.4,2.5,6.1,0.412,1.5,4.1,0.377,0.7,0.8,0.862,0.5,1.2,0.2,1.3,1.6,0.5,0.5,0.1,7.3
Tyler Dorsey,ATL,56,17.4,2.6,6.8,0.377,1.3,3.6,0.362,0.8,1.1,0.714,0.7,1.1,0.3,2,2.3,1.4,0.3,0.1,7.2
Tomas Satoransky,WAS,73,22.5,2.8,5.3,0.523,0.6,1.4,0.465,1,1.3,0.781,1.1,1.8,1,2.2,3.2,3.9,0.7,0.2,7.2
Kyle O'Quinn,NYK,77,18,2.9,5,0.582,0.1,0.2,0.235,1.3,1.6,0.772,1.3,2.5,1.6,4.5,6.1,2.1,0.5,1.3,7.1
Markelle Fultz,PHI,14,18.1,3.2,7.9,0.405,0,0.1,0,0.7,1.5,0.476,1.2,1.6,0.9,2.3,3.1,3.8,0.8,0.3,7.1
James Ennis,DET,72,22.3,2.5,5.3,0.474,0.7,2.1,0.333,1.3,1.6,0.836,0.8,1.9,1,2.1,3.1,1,0.7,0.2,7.1
Mirza Teletovic,MIL,10,15.9,2.5,5.7,0.439,2.1,4.5,0.467,0,0,0,0.7,1.4,0.3,2,2.3,1,0.4,0.1,7.1
Mason Plumlee,DEN,74,19.5,3,5,0.601,0,0,0,1.1,2.4,0.458,1.4,2.5,1.8,3.6,5.4,1.9,0.7,1.1,7.1
Cody Zeller,CHA,33,19,2.6,4.7,0.545,0.1,0.1,0.667,1.8,2.6,0.718,1,2.5,2,3.3,5.4,0.9,0.4,0.6,7.1
Al Jefferson,IND,36,13.4,3.1,5.8,0.534,0,0.1,0,0.8,1,0.833,0.6,1.8,0.8,3.1,4,0.8,0.4,0.6,7
Jamil Wilson,LAC,15,18.2,2.5,5.4,0.469,1.8,4.2,0.429,0.1,0.3,0.5,0.5,2.3,0.2,1.9,2.1,0.7,0.3,0.5,7
Bryn Forbes,SAS,80,19,2.6,6.2,0.421,1.1,2.9,0.39,0.6,0.9,0.667,0.5,1.4,0.1,1.2,1.4,1,0.3,0,6.9
Jakob Poeltl,TOR,82,18.6,3.1,4.7,0.659,0,0,0.5,0.7,1.2,0.594,1,2.6,2,2.8,4.8,0.7,0.5,1.2,6.9
Bam Adebayo,MIA,69,19.8,2.5,4.9,0.512,0,0.1,0,1.9,2.6,0.721,1,2,1.7,3.8,5.5,1.5,0.5,0.6,6.9
Raymond Felton,OKC,82,16.6,2.7,6.7,0.406,1,2.8,0.352,0.4,0.5,0.818,0.9,1.1,0.3,1.6,1.9,2.5,0.6,0.2,6.9
Tony Snell,MIL,75,27.4,2.5,5.7,0.435,1.4,3.6,0.403,0.5,0.6,0.792,0.5,1.5,0.1,1.8,1.9,1.3,0.6,0.4,6.9
Shelvin Mack,ORL,69,19.8,2.6,6,0.43,0.7,2,0.345,1,1.4,0.711,1.3,1.3,0.3,2.1,2.4,3.9,0.8,0.1,6.9
David West,GSW,73,13.7,3,5.2,0.571,0,0.1,0.375,0.8,1.1,0.759,1.1,1.6,0.9,2.4,3.3,1.9,0.6,1,6.8
Nemanja Bjelica,MIN,67,20.5,2.6,5.5,0.461,1.1,2.7,0.415,0.5,0.7,0.8,0.8,2.1,0.8,3.3,4.1,1.3,0.7,0.2,6.8
Joe Johnson,HOU,55,21.9,2.7,6.5,0.406,0.7,2.6,0.276,0.7,0.8,0.889,0.9,1.2,0.3,2.9,3.1,1.5,0.3,0.1,6.8
Kosta Koufos,SAC,71,19.6,3.1,5.5,0.571,0,0,0,0.5,1,0.446,0.7,2.1,2.1,4.5,6.6,1.2,0.7,0.5,6.7
Luke Kornet,NYK,20,16.3,2.5,6.2,0.392,1.4,4,0.354,0.4,0.6,0.727,0.6,1.4,0.6,2.6,3.2,1.3,0.3,0.8,6.7
Malik Monk,CHA,63,13.5,2.4,6.7,0.36,1.3,3.9,0.342,0.5,0.6,0.842,0.8,1,0.1,0.9,1,1.4,0.3,0.1,6.7
Tyler Zeller,MIL,66,16.8,2.8,5.1,0.56,0.2,0.4,0.357,0.9,1.2,0.722,0.7,1.9,1.7,3,4.6,0.7,0.2,0.5,6.7
Aaron Harrison,DAL,9,25.9,2.1,7.7,0.275,1,4.8,0.209,1.4,1.9,0.765,0.3,3,0.4,2.2,2.7,1.2,1,0.2,6.7
Justin Jackson,SAC,68,22.2,2.7,6.2,0.442,0.8,2.7,0.308,0.4,0.5,0.722,0.6,1.2,0.4,2.4,2.8,1.1,0.4,0.2,6.7
Isaiah Taylor,ATL,67,17.4,2.4,5.8,0.418,0.3,1.2,0.25,1.5,2.1,0.702,1.3,1.7,0.3,1.1,1.4,3.1,0.5,0.1,6.6
Shaquille Harrison,PHX,23,16.7,2.6,5.4,0.476,0.3,1.1,0.231,1.2,1.7,0.737,1,1.8,0.4,2.3,2.7,2.4,1.1,0.3,6.6
Danuel House,PHX,23,17.5,2.4,5.6,0.434,0.7,2.5,0.259,1.1,1.3,0.806,0.5,1,0.6,2.7,3.3,1.1,0.3,0.3,6.6
Jordan Crawford,NOP,5,10.7,2.4,5.4,0.444,1.6,2.8,0.571,0.2,0.2,1,1,1.4,0.4,0.4,0.8,2.6,0.2,0.2,6.6
Maybyner Nene,HOU,52,14.6,2.6,4.6,0.569,0,0,0,1.3,2.1,0.636,0.7,2.4,1.1,2.3,3.4,0.9,0.5,0.3,6.5
Maurice Harkless,POR,59,21.4,2.5,5,0.495,0.8,2,0.415,0.7,1,0.712,0.7,1.7,0.8,2,2.7,0.9,0.8,0.7,6.5
Tyson Chandler,PHX,46,25,2.6,4.1,0.647,0,0,0,1.3,2,0.624,1.3,2.3,2.9,6.2,9.1,1.2,0.3,0.6,6.5
Richaun Holmes,PHI,48,15.5,2.8,5,0.56,0.1,0.6,0.129,0.8,1.2,0.661,0.5,2,1.2,3.2,4.4,1.3,0.4,0.6,6.5
Dragan Bender,PHX,82,25.2,2.3,5.9,0.386,1.4,3.9,0.366,0.5,0.6,0.765,1.4,2,0.5,3.9,4.4,1.6,0.3,0.6,6.5
Joshia Gray,PHX,5,17.3,2.2,8.2,0.268,0.6,2.6,0.231,1.4,2.2,0.636,1.4,1.6,0.4,1.6,2,2.4,1.6,0.4,6.4
Sean Kilpatrick,CHI,52,12.3,2.1,5.7,0.374,0.9,2.8,0.319,1.2,1.4,0.889,0.7,0.6,0.1,1.6,1.7,0.9,0.2,0.1,6.3
Troy Williams,NYK,21,14.6,2.4,5.2,0.468,0.5,1.8,0.289,1,1.4,0.667,0.9,1.6,1,2,3,0.8,1,0.2,6.3
Jodie Meeks,WAS,77,14.5,2,5.1,0.399,0.9,2.7,0.343,1.3,1.5,0.863,0.5,0.7,0.2,1.4,1.6,0.9,0.4,0.1,6.3
Trevor Booker,IND,68,17,2.6,5,0.516,0.1,0.5,0.242,1,1.4,0.71,0.9,1.8,1.7,3,4.7,1.2,0.4,0.3,6.3
T.J. McConnell,PHI,76,22.4,2.8,5.5,0.499,0.4,0.8,0.435,0.4,0.5,0.795,1.5,1.6,0.5,2.5,3,4,1.2,0.2,6.3
Jahlil Okafor,BRK,28,12.6,2.8,4.9,0.558,0,0.1,0.25,0.8,1,0.724,0.8,1.8,0.8,2.3,3,0.4,0.1,0.6,6.3
Malcolm Delaney,ATL,54,18.8,2,5.3,0.382,0.9,2.3,0.371,1.4,1.7,0.804,1.2,1.5,0.2,1.7,1.9,3,0.6,0.1,6.3
Isaiah Whitehead,BRK,16,11.2,2.5,5.4,0.465,0.4,1.1,0.389,0.8,1.2,0.684,1.5,1.4,0.2,1.4,1.6,1.2,0.5,0.1,6.2
Justin Anderson,PHI,38,13.7,2.3,5.3,0.431,0.9,2.7,0.33,0.7,1,0.737,0.4,1.4,0.7,1.8,2.4,0.7,0.4,0.2,6.2
Langston Galloway,DET,58,14.9,2.2,5.9,0.371,1.3,3.8,0.344,0.6,0.7,0.805,0.3,0.7,0.2,1.4,1.6,1,0.6,0.1,6.2
Kobi Simmons,MEM,32,20.1,2.5,5.9,0.423,0.3,1.2,0.282,0.8,0.8,1,1.4,1.9,0.4,1.1,1.6,2.1,0.6,0.2,6.1
P.J. Tucker,HOU,82,27.8,2.1,5.4,0.39,1.4,3.8,0.371,0.5,0.7,0.717,0.9,2.5,1.1,4.4,5.6,0.9,1,0.3,6.1
Boban Marjanovic,LAC,39,8.7,2,3.8,0.534,0,0,0,2,2.5,0.794,0.9,1.3,1.2,2.5,3.7,0.6,0.3,0.3,6
Andre Iguodala,GSW,64,25.4,2.3,5,0.463,0.5,1.8,0.282,0.9,1.4,0.632,1,1.5,0.8,3.1,3.8,3.3,0.8,0.6,6
Rodney Purvis,ORL,16,18.1,2.2,6.7,0.327,0.8,3.2,0.25,0.8,0.9,0.867,0.6,1.6,0.1,1.6,1.7,1.1,0.2,0.2,6
Aron Baynes,BOS,81,18.3,2.6,5.5,0.471,0,0.3,0.143,0.7,1,0.756,1,2.5,1.6,3.8,5.4,1.1,0.3,0.6,6
Gorgui Dieng,MIN,79,16.9,2.4,4.9,0.479,0.2,0.8,0.311,1,1.3,0.775,0.7,1.9,1.3,3.2,4.6,0.9,0.6,0.5,5.9
Frank Ntilikina,NYK,78,21.9,2.3,6.4,0.364,0.6,2,0.318,0.6,0.9,0.721,1.7,2.3,0.5,1.8,2.3,3.2,0.8,0.2,5.9
Davis Bertans,SAS,77,14.1,2.1,4.8,0.44,1.2,3.3,0.373,0.5,0.6,0.816,0.5,1.2,0.2,1.8,2,1,0.3,0.4,5.9
Ogugua Anunoby,TOR,74,20,2.2,4.7,0.471,1,2.7,0.371,0.5,0.8,0.629,0.6,1.8,0.6,1.9,2.5,0.7,0.7,0.2,5.9
Kenneth Faried,DEN,32,14.4,2.4,4.6,0.514,0,0,0,1.1,1.6,0.706,0.7,1.6,2.1,2.7,4.8,0.6,0.4,0.4,5.9
Quincy Acy,BRK,70,19.4,1.9,5.2,0.356,1.5,4.2,0.349,0.7,0.9,0.817,0.9,2.1,0.6,3.1,3.7,0.8,0.5,0.4,5.9
Dorian Finney-Smith,DAL,21,21.3,2.2,5.8,0.38,1,3.2,0.299,0.5,0.7,0.733,1,2,1,2.5,3.6,1.2,0.5,0.2,5.9
Deyonta Davis,MEM,62,15.2,2.6,4.3,0.608,0,0,0,0.6,0.9,0.667,0.5,2,1.2,2.8,4,0.6,0.2,0.6,5.8
Xavier Rathan-Mayes,MEM,5,23.6,2.4,8.4,0.286,0.2,2.8,0.071,0.8,1.8,0.444,2.2,3.6,0,1,1,3.6,1.2,0.6,5.8
Jonas Jerebko,UTA,74,15.3,2.1,4.6,0.466,0.9,2.1,0.414,0.6,0.8,0.807,0.4,1.7,0.7,2.6,3.3,0.6,0.3,0.2,5.8
Tristan Thompson,CLE,53,20.2,2.5,4.4,0.562,0,0,0,0.8,1.5,0.544,0.7,1.9,2.4,4.3,6.6,0.6,0.3,0.3,5.8
Timothe Luwawu-Cabarrot,PHI,52,15.5,1.9,5.1,0.375,1,3,0.335,0.9,1.1,0.793,0.7,1.9,0.3,1.1,1.4,1,0.2,0.1,5.8
Jack Cooley,SAC,7,12.5,1.9,3.9,0.481,0,0,0,2,2.7,0.737,0.4,1.9,2,2.3,4.3,0.9,0.1,0,5.7
Dante Cunningham,BRK,73,21.4,2.2,5,0.451,0.8,2.3,0.345,0.4,0.7,0.596,0.5,1.5,1.1,3,4.1,0.7,0.5,0.4,5.7
Bismack Biyombo,ORL,82,18.2,2.2,4.3,0.52,0,0,0,1.2,1.9,0.65,1,1.9,1.8,4,5.7,0.8,0.3,1.2,5.7
Jameel Warney,DAL,3,8.9,2.3,4,0.583,0,0,0,1,1.7,0.6,0.3,0.7,1.3,1.7,3,0,0,0,5.7
Omri Casspi,GSW,53,14,2.3,3.9,0.58,0.2,0.4,0.455,0.9,1.3,0.725,0.7,1.3,0.6,3.2,3.8,1,0.3,0.4,5.7
Cristiano Felicio,CHI,55,17.8,2.3,3.9,0.591,0,0,0,1,1.5,0.667,1,1.9,1.5,2.7,4.2,1,0.3,0.2,5.6
Ivan Rabb,MEM,36,14.3,2.4,4.2,0.566,0,0,0,0.8,1,0.806,1,1.5,1.5,2.9,4.4,0.9,0.3,0.4,5.6
Shaun Livingston,GSW,71,15.9,2.4,4.8,0.501,0,0.1,0,0.7,0.9,0.82,0.8,1.6,0.5,1.4,1.8,2,0.5,0.3,5.5
Norman Powell,TOR,70,15.2,2.1,5.3,0.401,0.8,2.7,0.285,0.5,0.6,0.821,0.9,1.6,0.2,1.5,1.7,1.3,0.5,0.2,5.5
C.J. Williams,LAC,38,18.6,2.3,5.2,0.442,0.6,2.1,0.282,0.3,0.4,0.812,0.5,1.7,0.3,1.2,1.5,1.1,0.8,0.3,5.5
Omari Johnson,MEM,4,18.8,2.2,5.2,0.429,1,3,0.333,0,0,0,0.8,1.5,1,1.8,2.8,1.8,0.5,0,5.5
Wesley Johnson,LAC,74,20.1,2,5,0.408,0.8,2.4,0.339,0.6,0.8,0.741,0.7,2,0.4,2.5,2.9,0.8,1,0.8,5.4
Wade Baldwin IV,POR,7,11.5,2,3,0.667,0.6,0.7,0.8,0.9,1.4,0.6,0.6,1.7,0.1,1,1.1,0.7,0.3,0.1,5.4
Zaza Pachulia,GSW,69,14.1,2.2,3.8,0.564,0,0,0,1.1,1.3,0.806,1,1.8,1.3,3.4,4.7,1.6,0.6,0.2,5.4
Vince Carter,SAC,58,17.7,2,4.9,0.403,1,2.8,0.345,0.5,0.6,0.757,0.6,1.7,0.3,2.2,2.6,1.2,0.7,0.4,5.4
Pat Connaughton,POR,82,18.1,2,4.8,0.423,0.9,2.6,0.352,0.5,0.5,0.841,0.5,1.5,0.4,1.5,2,1.1,0.3,0.3,5.4
Jon Leuer,DET,8,17.1,1.9,4.5,0.417,0,0.4,0,1.6,1.9,0.867,0.9,2,0.9,3.1,4,0.6,0.1,0.4,5.4
Jonathan Isaac,ORL,27,19.8,2,5.4,0.379,0.6,1.7,0.348,0.7,0.9,0.76,1,1.8,0.6,3.1,3.7,0.7,1.2,1.1,5.4
Maxi Kleber,DAL,72,16.8,2.1,4.3,0.489,0.6,1.8,0.312,0.6,0.8,0.746,0.4,1.6,1,2.3,3.2,0.7,0.4,0.7,5.4
Myke Henry,MEM,20,18.9,2,5.5,0.376,0.9,2.9,0.328,0.3,0.5,0.6,0.9,1.4,0.5,1.4,1.9,1.1,1.6,0.3,5.3
Ed Davis,POR,78,18.9,2.2,3.7,0.582,0,0,0,0.9,1.4,0.667,0.8,2.4,2.3,5,7.4,0.5,0.4,0.7,5.3
Corey Brewer,OKC,72,16.8,2,4.4,0.449,0.4,1.5,0.282,0.9,1.2,0.722,0.7,1.9,0.6,1.5,2.1,0.9,1.1,0.2,5.3
Daniel Theis,BOS,63,14.9,2,3.7,0.541,0.3,0.9,0.31,1,1.3,0.753,0.9,2.5,1.4,2.9,4.3,0.9,0.5,0.8,5.3
DeAndre' Bembry,ATL,26,17.5,2,4.9,0.414,0.4,1.2,0.367,0.7,1.3,0.576,1.8,1.5,0.3,2.5,2.8,1.9,0.8,0.5,5.2
Brandon Jennings,MIL,14,14.7,1.9,5.1,0.375,0.6,2.4,0.273,0.7,0.7,1,1.3,0.8,0.4,1.9,2.2,3.1,0.4,0.3,5.2
Luke Babbitt,MIA,50,14.3,1.8,4.3,0.423,1.2,3.1,0.385,0.3,0.4,0.773,0.4,1.1,0.1,1.8,1.9,0.6,0.2,0.1,5.2
Jamel Artis,ORL,15,18.6,2.1,5.3,0.392,0.5,1.9,0.276,0.5,0.8,0.583,0.5,0.7,0.3,2.3,2.5,1.2,0.1,0.2,5.1
Willy Hernangomez,CHA,48,10.3,1.9,3.4,0.555,0.1,0.2,0.417,1.2,1.9,0.656,0.7,1.3,1.3,2.5,3.8,0.7,0.4,0.3,5.1
Tyus Jones,MIN,82,17.9,1.8,4,0.457,0.5,1.6,0.349,0.9,1,0.877,0.7,1.3,0.2,1.4,1.6,2.8,1.2,0.1,5.1
Rodney McGruder,MIA,18,16.6,2,4.1,0.493,0.8,1.9,0.429,0.2,0.4,0.5,0.2,1.2,0.6,1.2,1.8,0.9,0.4,0.2,5.1
Channing Frye,LAL,53,13.1,2,4,0.491,0.7,2.2,0.339,0.3,0.4,0.895,0.4,1.3,0.2,2.3,2.5,0.7,0.3,0.2,5
Shabazz Muhammad,MIL,43,9.7,2,4.4,0.447,0.2,0.6,0.259,0.9,1.2,0.78,0.1,0.7,0.5,1.2,1.8,0.3,0.2,0.1,5
Andre Roberson,OKC,39,26.6,2.2,4.2,0.537,0.2,0.9,0.222,0.3,1,0.316,0.8,2.3,1.9,2.8,4.7,1.2,1.2,0.9,5
Royce O'Neale,UTA,69,16.7,1.7,4.1,0.423,0.6,1.7,0.356,0.9,1.1,0.803,0.8,1.5,0.4,3.1,3.4,1.4,0.5,0.2,5
Brandan Wright,HOU,28,13.6,2.1,3.6,0.578,0,0,0,0.8,1.2,0.636,0.3,1.1,1.2,2.2,3.4,0.5,0.5,0.9,5
Jameer Nelson,DET,50,20.3,1.9,4.9,0.389,0.8,2.5,0.331,0.3,0.4,0.8,1.3,1.6,0.3,1.8,2.1,3.6,0.5,0.1,4.9
Noah Vonleh,CHI,54,16.2,1.9,4.3,0.444,0.4,1.2,0.303,0.7,1.1,0.621,0.6,1.3,1.3,4.5,5.8,0.6,0.4,0.3,4.9
Cheick Diallo,NOP,52,11.2,2,3.4,0.58,0,0,0,1,1.3,0.758,0.5,1.6,0.9,3.2,4.1,0.4,0.2,0.4,4.9
Ramon Sessions,WAS,28,14,1.5,4.2,0.359,0.3,0.9,0.308,1.6,2,0.772,1.1,1,0.2,1.1,1.4,2.8,0.5,0.1,4.9
Jawun Evans,LAC,48,16.2,1.9,5.3,0.352,0.3,1.1,0.278,0.8,1,0.776,0.9,2,0.2,1.6,1.8,2.1,0.8,0.1,4.8
Thon Maker,MIL,74,16.7,1.8,4.3,0.411,0.4,1.4,0.298,0.9,1.3,0.699,0.6,2.2,1,2,3,0.6,0.5,0.7,4.8
JaVale McGee,GSW,65,9.5,2.1,3.4,0.621,0,0.1,0,0.6,0.8,0.731,0.4,1.4,0.9,1.7,2.6,0.5,0.3,0.9,4.8
Ian Mahinmi,WAS,77,14.9,1.8,3.2,0.556,0,0,0,1.2,1.7,0.703,1.3,3,1.8,2.3,4.1,0.7,0.5,0.5,4.8
Johnny O'Bryant,CHA,36,10.5,1.9,4.8,0.398,0.4,1.2,0.326,0.6,0.7,0.84,0.4,1.2,0.8,1.8,2.6,0.4,0.2,0.2,4.8
Alex Abrines,OKC,75,15.1,1.5,3.9,0.395,1.1,2.9,0.38,0.5,0.6,0.848,0.3,1.7,0.3,1.2,1.5,0.4,0.5,0.1,4.7
Tyler Cavanaugh,ATL,39,13.3,1.7,3.9,0.441,0.8,2.3,0.36,0.4,0.5,0.81,0.4,1.6,1.2,2.1,3.3,0.7,0.2,0.1,4.7
JaKarr Sampson,SAC,22,15.6,2,3.7,0.543,0.2,0.5,0.5,0.5,0.7,0.625,0.4,2.2,1,2.6,3.5,0.4,0.4,1,4.7
Tony Allen,NOP,22,12.4,2,4.1,0.484,0.2,0.5,0.333,0.5,1,0.524,0.9,2.2,0.9,1.2,2.1,0.4,0.5,0.1,4.7
Jaylen Morris,ATL,6,16.4,2.2,5.3,0.406,0.3,1.7,0.2,0,0,0,1,0.3,0.3,2.3,2.7,1.2,0.3,0.2,4.7
Willie Reed,DET,42,10.2,1.9,2.9,0.669,0,0,0.5,0.8,1.3,0.582,0.5,1.3,0.8,2,2.9,0.2,0.2,0.5,4.6
Jalen Jones,DAL,16,11.3,1.6,4.2,0.382,0.6,1.6,0.385,0.8,1.2,0.632,0.4,1.4,0.8,1.6,2.4,0.2,0.3,0.1,4.6
Amir Johnson,PHI,74,15.8,1.9,3.5,0.538,0.1,0.4,0.312,0.7,1.1,0.612,0.7,2.6,1.7,2.8,4.5,1.6,0.6,0.6,4.6
Andrew White,ATL,15,13.9,1.7,4.9,0.342,1.2,3.3,0.367,0.1,0.3,0.25,0.5,0.8,0.3,2,2.3,0.4,0.2,0.1,4.6
Jordan Bell,GSW,57,14.2,2,3.2,0.627,0,0.1,0,0.5,0.8,0.682,0.9,1.6,1.1,2.6,3.6,1.8,0.6,1,4.6
Michael Carter-Williams,CHA,52,16.1,1.5,4.4,0.332,0.3,1.1,0.237,1.4,1.7,0.82,1,1.9,0.7,1.9,2.7,2.2,0.8,0.4,4.6
Jose Calderon,CLE,57,16,1.6,3.2,0.503,0.8,1.7,0.464,0.4,0.5,0.8,0.7,1.4,0.2,1.2,1.5,2.1,0.5,0,4.5
Raulzinho Neto,UTA,41,12.1,1.7,3.7,0.457,0.5,1.1,0.404,0.6,0.9,0.743,0.9,0.9,0.2,1,1.2,1.8,0.3,0.1,4.5
Isaiah Hicks,NYK,18,13.3,1.8,4,0.458,0.1,0.5,0.222,0.7,1,0.667,0.9,2.5,0.6,1.7,2.3,0.9,0.1,0.2,4.4
Iman Shumpert,CLE,14,19.7,1.6,4.1,0.379,0.5,1.9,0.269,0.8,1.1,0.733,1.1,1.6,0.5,2.4,2.9,1.2,0.6,0.3,4.4
Zach Collins,POR,66,15.8,1.7,4.4,0.398,0.5,1.7,0.31,0.4,0.6,0.643,0.9,2,0.7,2.7,3.3,0.8,0.3,0.5,4.4
Nik Stauskas,BRK,41,12.8,1.5,3.8,0.39,1,2.4,0.4,0.5,0.7,0.724,0.6,0.6,0.1,1.5,1.6,1,0.2,0.1,4.4
Travis Wear,LAL,17,13.4,1.5,4.2,0.347,1,2.8,0.362,0.5,0.5,1,0.4,1.8,0,2.2,2.2,0.4,0.2,0.3,4.4
Emeka Okafor,NOP,26,13.6,1.8,3.7,0.505,0,0,0,0.7,0.8,0.818,0.5,1.2,1.8,2.8,4.6,0.3,0.3,1,4.4
Nerlens Noel,DAL,30,15.7,1.8,3.5,0.524,0,0,0,0.7,0.9,0.75,0.9,2,1.6,4,5.6,0.7,1,0.7,4.4
Treveon Graham,CHA,63,16.7,1.5,3.5,0.434,0.6,1.5,0.412,0.7,0.9,0.695,0.4,1.7,0.7,1.3,1.9,0.9,0.5,0,4.3
Matt Dellavedova,MIL,38,18.7,1.4,4,0.362,0.8,2.1,0.372,0.7,0.7,0.926,1.3,1.8,0.4,1.3,1.7,3.8,0.4,0,4.3
Miles Plumlee,ATL,55,16.7,1.9,3.3,0.583,0,0,0,0.5,1.1,0.45,1.1,1.4,1.4,2.7,4.1,0.8,0.3,0.5,4.3
Shane Larkin,BOS,54,14.3,1.6,4.1,0.384,0.6,1.6,0.36,0.6,0.7,0.865,0.6,1.1,0.3,1.4,1.7,1.8,0.5,0,4.3
Khem Birch,ORL,42,13.8,1.6,3,0.54,0,0,0,1,1.5,0.689,0.5,1.3,1.7,2.6,4.3,0.8,0.4,0.5,4.2
Timofey Mozgov,BRK,31,11.6,1.7,3,0.559,0.1,0.6,0.222,0.7,1,0.767,1.1,1.3,1,2.1,3.2,0.4,0.2,0.4,4.2
Adreian Payne,ORL,5,8.5,1.4,2,0.7,0.4,0.6,0.667,1,1.2,0.833,0.4,1.2,0.4,1.4,1.8,0,0.4,0,4.2
Torrey Craig,DEN,39,16.1,1.6,3.5,0.453,0.4,1.5,0.293,0.6,0.9,0.629,0.5,1.6,1,2.2,3.3,0.6,0.3,0.4,4.2
Sam Dekker,LAC,73,12.1,1.8,3.5,0.494,0.1,0.8,0.167,0.5,0.8,0.661,0.5,1,0.6,1.8,2.4,0.5,0.3,0.1,4.2
Tyler Ennis,LAL,54,12.7,1.7,4.1,0.42,0.3,1,0.25,0.4,0.5,0.759,0.7,1.4,0.4,1.4,1.8,1.9,0.6,0.2,4.1
Damyean Dotson,NYK,44,10.8,1.6,3.7,0.447,0.5,1.5,0.324,0.4,0.5,0.696,0.4,0.8,0.2,1.7,1.9,0.7,0.3,0,4.1
Glenn Robinson,IND,23,14.7,1.6,3.7,0.424,0.6,1.5,0.412,0.4,0.5,0.818,0.2,0.6,0.5,1.1,1.6,0.7,0.6,0,4.1
Joffrey Lauvergne,SAS,55,9.7,1.8,3.5,0.516,0,0.1,0,0.5,0.9,0.638,0.6,0.8,1.1,2,3.1,0.7,0.2,0.1,4.1
Alec Peters,PHX,20,11.2,1.4,3.7,0.378,0.9,2.9,0.31,0.4,0.5,0.8,0.2,0.7,0.4,1.4,1.9,0.6,0.1,0.1,4.1
Lance Thomas,NYK,73,18.5,1.4,3.7,0.382,0.7,1.7,0.403,0.6,0.7,0.83,0.6,1.8,0.6,1.8,2.4,0.6,0.4,0.2,4.1
Kevon Looney,GSW,66,13.8,1.7,2.9,0.58,0,0.1,0.2,0.6,1.2,0.545,0.5,1.6,1.3,2,3.3,0.6,0.5,0.8,4
Jordan Mickey,MIA,23,12.3,1.7,3.6,0.476,0.1,0.7,0.125,0.6,0.8,0.684,0.8,1.6,0.8,2.7,3.5,0.4,0.3,0.4,4
Paul Zipser,CHI,54,15.2,1.5,4.3,0.346,0.7,2,0.336,0.4,0.5,0.76,0.8,1.6,0.2,2.2,2.4,0.9,0.4,0.3,4
Sterling Brown,MIL,54,14.4,1.5,3.8,0.4,0.6,1.7,0.352,0.4,0.4,0.875,0.5,1.5,0.5,2.1,2.6,0.5,0.6,0.2,4
Patrick McCaw,GSW,57,16.9,1.6,3.9,0.409,0.3,1.4,0.237,0.5,0.6,0.765,0.7,1.2,0.3,1.2,1.4,1.4,0.8,0.2,4
Alan Williams,PHX,5,14.1,1.4,3.6,0.389,0,0,0,1.2,1.8,0.667,1.4,2.6,0.6,3.8,4.4,1.6,1,0.2,4
Chinanu Onuaku,HOU,1,21.6,2,5,0.4,0,0,0,0,0,0,3,4,1,3,4,1,0,0,4
Henry Ellenson,DET,38,8.7,1.4,3.8,0.363,0.5,1.6,0.333,0.7,0.8,0.862,0.5,0.6,0.3,1.9,2.1,0.5,0.1,0,4
Joe Young,IND,53,10.5,1.5,3.5,0.43,0.5,1.2,0.379,0.4,0.5,0.759,0.5,0.7,0.2,1,1.2,0.7,0.3,0,3.9
Cedi Osman,CLE,61,11,1.5,3,0.484,0.5,1.4,0.368,0.4,0.8,0.565,0.5,1.3,0.3,1.7,2,0.7,0.4,0,3.9
Patrick Patterson,OKC,82,15.5,1.3,3.2,0.398,0.8,2.1,0.386,0.5,0.6,0.87,0.4,1.1,0.4,2,2.4,0.7,0.6,0.3,3.9
Sindarius Thornwell,LAC,73,15.8,1.4,3.2,0.429,0.3,0.8,0.377,0.8,1.2,0.67,0.7,1.7,0.5,1.5,1.9,0.9,0.7,0.3,3.9
R.J. Hunter,HOU,5,9,1.4,4,0.35,0.6,2.8,0.214,0.4,0.4,1,0.4,1.4,0,1,1,0.6,0.6,0,3.8
Ivica Zubac,LAL,43,9.5,1.4,2.8,0.5,0,0,0,0.9,1.2,0.765,0.6,1.1,1,1.8,2.9,0.6,0.2,0.3,3.7
Ante Zizic,CLE,32,6.7,1.5,2.1,0.731,0,0,0,0.7,0.9,0.724,0.3,0.9,0.8,1.1,1.9,0.2,0.1,0.4,3.7
Wesley Iwundu,ORL,62,16.5,1.5,3.5,0.427,0.1,0.7,0.196,0.5,0.8,0.723,0.5,1.3,0.6,1.6,2.2,0.9,0.5,0.2,3.7
Marquis Teague,MEM,3,24.6,1.3,5.3,0.25,0.3,1.3,0.25,0.7,1.7,0.4,1,1.7,0.3,1.7,2,4.3,1.3,0,3.7
Alex Caruso,LAL,37,15.2,1.4,3.1,0.431,0.4,1.2,0.302,0.6,0.8,0.7,1.1,1.4,0.4,1.4,1.8,2,0.6,0.3,3.6
Kay Felder,DET,16,8.7,1.3,4.4,0.3,0.2,1.2,0.211,0.7,0.8,0.917,1,0.7,0.2,0.9,1.1,1.2,0.2,0.1,3.6
Tarik Black,HOU,51,10.5,1.5,2.5,0.591,0,0.2,0.091,0.6,1.2,0.46,0.7,2.1,1.2,2,3.2,0.3,0.4,0.6,3.5
Salah Mejri,DAL,61,11.9,1.4,2.2,0.642,0,0,0,0.6,1.1,0.576,0.6,2,1.4,2.6,4,0.6,0.4,1.1,3.5
Jason Smith,WAS,33,8.6,1.4,3.5,0.391,0.1,1,0.125,0.6,0.6,0.905,0.5,1.3,0.5,1.1,1.6,0.4,0.1,0.4,3.4
Malachi Richardson,TOR,26,12.4,1.2,3.5,0.333,0.5,1.5,0.3,0.7,0.8,0.773,0.4,1,0.2,1.1,1.3,0.5,0.4,0,3.4
Milton Doyle,BRK,10,12.5,1.3,4.7,0.277,0.4,2.3,0.174,0.4,0.8,0.5,0.2,1.3,0.3,1.5,1.8,1,0.6,0.2,3.4
"Walt Lemon, Jr.",NOP,5,7,1.4,3.2,0.438,0.2,0.2,1,0.4,0.6,0.667,0.8,1,0,0.4,0.4,1,0,0.2,3.4
Meyers Leonard,POR,33,7.7,1.4,2.4,0.59,0.3,0.8,0.423,0.3,0.3,0.818,0.3,1.1,0.4,1.8,2.1,0.5,0.2,0,3.4
Arron Afflalo,ORL,53,12.9,1.2,3.1,0.401,0.5,1.3,0.386,0.4,0.5,0.846,0.4,1.1,0.1,1.2,1.2,0.6,0.1,0.2,3.4
Okaro White,MIA,6,13.3,1.2,2.7,0.438,0.7,1.8,0.364,0.3,0.5,0.667,0.2,1,0.5,1.3,1.8,0.3,0.2,0.2,3.3
Monte Morris,DEN,3,8.4,1.3,2,0.667,0,0.3,0,0.7,0.7,1,0.3,0.3,0,0.7,0.7,2.3,1,0,3.3
David Stockton,UTA,3,3.1,0.7,1,0.667,0.7,1,0.667,1.3,1.3,1,0.3,1,0,0,0,0,0,0,3.3
Dwayne Bacon,CHA,53,13.5,1.4,3.6,0.375,0.2,0.8,0.256,0.4,0.5,0.8,0.4,0.9,0.1,2.3,2.3,0.7,0.3,0,3.3
Juancho Hernangomez,DEN,25,11.1,1.2,3,0.387,0.6,2,0.28,0.4,0.5,0.833,0.4,1,0.7,1.4,2.2,0.5,0.2,0.1,3.3
Jason Terry,MIL,51,16,1.2,3,0.383,0.8,2.3,0.348,0.2,0.2,0.889,0.5,1,0.1,0.8,0.9,1.2,0.8,0.3,3.3
Derrick White,SAS,17,8.2,0.9,1.9,0.485,0.5,0.8,0.615,0.8,1.2,0.7,0.4,0.5,0.3,1.2,1.5,0.5,0.2,0.2,3.2
Jared Dudley,PHX,48,14.3,1,2.5,0.393,0.6,1.7,0.362,0.6,0.7,0.771,0.6,1.8,0.2,1.8,2,1.6,0.5,0.2,3.2
Malik Beasley,DEN,62,9.4,1.2,2.9,0.41,0.5,1.3,0.341,0.4,0.5,0.667,0.4,0.6,0.2,0.9,1.1,0.5,0.2,0.1,3.2
Kyle Collinsworth,DAL,32,15,1.2,3.1,0.384,0.1,0.5,0.235,0.7,1.2,0.525,0.8,1.4,1,2.3,3.3,1.8,0.5,0.3,3.2
Terrance Ferguson,OKC,61,12.5,1.1,2.8,0.414,0.7,2,0.333,0.1,0.2,0.9,0.2,1.4,0.3,0.5,0.8,0.3,0.4,0.2,3.1
Derrick Jones,MIA,20,12.3,1.1,2.6,0.396,0.1,0.9,0.167,0.8,1.2,0.667,0.3,1.2,1.1,0.8,1.9,0.5,0.2,0.7,3
Abdel Nader,BOS,48,10.9,1,3.1,0.336,0.5,1.4,0.354,0.5,0.8,0.59,0.7,0.9,0.3,1.2,1.5,0.5,0.3,0.2,3
Gary Payton II,LAL,23,9.6,1.3,3.2,0.405,0.3,1.1,0.24,0.1,0.4,0.333,0.3,1.3,0.6,1.3,1.9,0.9,0.3,0.1,3
Davon Reed,PHX,21,11.5,1,3.6,0.289,0.5,1.8,0.289,0.4,0.6,0.667,0.5,0.8,0.1,1.8,1.9,0.6,0.5,0.1,3
Jabari Bird,BOS,13,8.8,1.2,2,0.577,0.2,0.5,0.429,0.5,1,0.462,0.6,0.5,0.5,1,1.5,0.6,0.2,0.1,3
Nigel Hayes,SAC,9,13.6,1.2,3.7,0.333,0.4,1.8,0.25,0.1,0.3,0.333,0.2,0.9,0.4,2,2.4,0.7,0.2,0.3,3
Anthony Brown,MIN,1,3.7,1,1,1,1,1,1,0,0,0,0,0,0,0,0,1,0,0,3
Kendrick Perkins,CLE,1,14.5,1,2,0.5,0,0,0,1,2,0.5,1,1,0,1,1,2,1,0,3
Naz Long,UTA,1,0.5,1,1,1,1,1,1,0,0,0,0,0,0,0,0,0,0,0,3
Tim Frazier,WAS,59,14.2,1.2,2.9,0.395,0.3,0.9,0.304,0.4,0.5,0.767,1,1.6,0.3,1.6,1.9,3.3,0.8,0.1,3
T.J. Leaf,IND,53,8.6,1.2,2.6,0.471,0.3,0.8,0.429,0.2,0.3,0.625,0.2,0.8,0.5,1,1.5,0.2,0.1,0.1,2.9
Gian Clavell,DAL,7,9.1,0.9,2.6,0.333,0.9,2.1,0.4,0.3,0.3,1,0.3,1.1,0.1,0.9,1,0.4,0.3,0,2.9
Darrell Arthur,DEN,19,7.4,1.2,2.5,0.468,0.4,1.2,0.348,0.1,0.2,0.667,0.8,1.2,0.2,0.6,0.8,0.5,0.4,0.2,2.8
James Young,PHI,6,10.2,0.8,2.3,0.357,0.5,1.7,0.3,0.7,1,0.667,0.2,0.7,0,0.3,0.3,0.3,0,0,2.8
Briante Weber,MEM,18,13.1,1.1,2.4,0.442,0.2,0.6,0.364,0.4,0.6,0.8,0.8,1.6,0.4,1.5,1.9,1.2,1,0.3,2.8
Semi Ojeleye,BOS,73,15.8,0.9,2.6,0.346,0.5,1.7,0.32,0.3,0.6,0.61,0.3,1.2,0.5,1.7,2.2,0.3,0.3,0.1,2.7
James McAdoo,PHI,3,6,0.7,2.3,0.286,0.7,2.3,0.286,0.7,0.7,1,0.3,0.3,0,0.7,0.7,0,0,0.3,2.7
Ekpe Udoh,UTA,63,12.8,1,1.9,0.5,0,0,0,0.7,0.9,0.75,0.3,1.7,1.1,1.3,2.4,0.8,0.7,1.2,2.6
Josh Magette,ATL,18,12,0.8,2.6,0.326,0.4,1.2,0.364,0.4,0.4,1,0.5,0.9,0.1,0.9,1.1,3.2,0.4,0.1,2.6
Malcolm Miller,TOR,15,8.4,0.9,1.9,0.464,0.5,1.4,0.381,0.3,0.3,1,0.3,0.7,0.3,0.7,1,0.2,0.1,0.1,2.5
Bobby Brown,HOU,20,5.7,0.9,2.9,0.328,0.6,2,0.275,0.1,0.1,0.5,0.5,0.3,0,0.3,0.3,0.6,0.2,0,2.5
Lucas Nogueira,TOR,49,8.5,1,1.6,0.613,0.1,0.4,0.263,0.4,0.6,0.679,0.3,1,0.4,1.4,1.8,0.4,0.5,0.9,2.5
Ron Baker,NYK,29,13.3,0.7,2,0.339,0.4,1.1,0.333,0.7,0.9,0.769,0.6,1.1,0.2,0.9,1,1.6,0.9,0.2,2.4
Chris McCullough,WAS,19,4.7,0.9,2.2,0.429,0.1,0.4,0.125,0.5,0.7,0.643,0.1,0.4,0.4,0.9,1.3,0.2,0,0.3,2.4
Solomon Hill,NOP,12,15.6,0.9,3.4,0.268,0.3,1.8,0.19,0.2,0.5,0.5,0.8,1.8,0.8,2.2,3,1.8,0.6,0.1,2.4
Marcus Paige,CHA,5,5.6,0.8,2.8,0.286,0.4,1.6,0.25,0.4,0.4,1,0,0,0,0.8,0.8,0.6,0,0,2.4
Guerschon Yabusele,BOS,33,7.1,0.8,1.8,0.426,0.4,1.1,0.324,0.5,0.7,0.682,0.4,0.7,0.5,1.1,1.6,0.5,0.1,0.2,2.4
Brice Johnson,MEM,18,5.4,1.1,2.3,0.476,0,0.1,0,0.2,0.3,0.6,0.3,0.7,0.5,1.2,1.7,0.1,0.5,0.3,2.4
Aaron Brooks,MIN,32,5.9,0.9,2.2,0.406,0.3,1,0.355,0.2,0.3,0.727,0.3,0.9,0.2,0.3,0.5,0.6,0.2,0,2.3
Josh Huestis,OKC,69,14.2,0.9,2.6,0.33,0.5,1.7,0.287,0.1,0.3,0.3,0.4,1.2,0.6,1.7,2.3,0.3,0.2,0.6,2.3
Brandon Paul,SAS,64,9,0.9,2,0.433,0.2,0.8,0.278,0.3,0.7,0.512,0.5,0.9,0.1,1,1.1,0.6,0.4,0.1,2.3
Rashad Vaughn,ORL,28,7.6,0.8,2,0.411,0.5,1.3,0.378,0.1,0.2,0.667,0.2,0.5,0.1,0.6,0.8,0.5,0.2,0.1,2.3
Lorenzo Brown,TOR,14,9.9,1,2.4,0.412,0.1,0.9,0.167,0.1,0.1,1,0.2,0.5,0.1,1,1.1,0.9,0.4,0,2.3
Caleb Swanigan,POR,27,7,0.9,2.2,0.4,0,0.3,0.125,0.4,0.7,0.667,0.7,1.4,0.6,1.4,2,0.5,0.2,0.1,2.3
John Holland,CLE,24,7.3,0.7,2.5,0.288,0.5,1.5,0.306,0.4,0.5,0.692,0.3,0.4,0.2,0.8,1,0.2,0.3,0.1,2.2
Bruno Caboclo,SAC,12,8.9,0.8,2.6,0.29,0.2,1.4,0.176,0.4,0.5,0.833,0.3,0.7,0.6,1.2,1.8,0.3,0.2,0.3,2.2
Eric Moreland,DET,67,12,1,1.8,0.541,0,0,0,0.2,0.4,0.379,0.6,1.7,1.2,2.9,4.1,1.2,0.5,0.8,2.1
George Papagiannis,POR,17,7.2,1.1,2.5,0.429,0,0,0,0,0,0,0.5,0.7,0.8,1.4,2.2,0.5,0.2,0.4,2.1
Nick Collison,OKC,15,5,0.9,1.3,0.684,0,0,0,0.3,0.9,0.385,0.5,0.5,0.5,0.9,1.3,0.3,0,0,2.1
Ryan Arcidiacono,CHI,24,12.7,0.7,1.7,0.415,0.4,1.3,0.29,0.2,0.2,0.833,0.5,0.8,0,1,1,1.5,0.5,0,2
Daniel Hamilton,OKC,6,4.6,0.8,1.8,0.455,0.3,0.8,0.4,0,0,0,0.3,0.3,0,0.8,0.8,1.3,0.2,0,2
Mangok Mathiang,CHA,4,5,1,1.8,0.571,0,0,0,0,0.2,0,0,1.2,0.8,1.8,2.5,0,0.2,0,2
Devin Robinson,WAS,1,13.2,1,3,0.333,0,0,0,0,0,0,0,2,2,3,5,0,1,0,2
Luol Deng,LAL,1,13.1,1,2,0.5,0,0,0,0,0,0,1,0,0,0,0,1,1,0,2
Edmond Sumner,IND,1,2.2,1,1,1,0,0,0,0,0,0,0,1,0,1,1,0,0,0,2
Justin Patton,MIN,1,3.7,1,2,0.5,0,0,0,0,0,0,0,1,0,0,0,0,1,0,2
Gordon Hayward,BOS,1,5.2,1,2,0.5,0,1,0,0,0,0,0,1,0,1,1,0,0,0,2
Jeremy Evans,ATL,1,5.3,1,1,1,0,0,0,0,0,0,1,1,1,0,1,0,0,0,2
Quincy Pondexter,CHI,23,8.5,0.6,2.1,0.286,0.1,1,0.136,0.6,0.7,0.824,0.5,1,0.3,0.8,1.2,0.4,0.3,0.1,2
Kyle Singler,OKC,12,4.9,0.6,1.8,0.333,0.2,0.4,0.4,0.6,1.1,0.538,0.2,0.3,0.1,0.8,0.8,0.2,0.1,0,1.9
"Derrick Walton, Jr.",MIA,16,9.2,0.5,1.6,0.32,0.4,1.1,0.412,0.4,0.4,1,0.1,0.4,0.1,0.9,1,1,0.4,0.2,1.8
Dakari Johnson,OKC,31,5.2,0.7,1.3,0.564,0,0,0,0.4,0.6,0.55,0.1,0.9,0.5,0.6,1.1,0.3,0.2,0.3,1.8
Marshall Plumlee,MIL,8,6.5,0.1,0.4,0.333,0,0,0,1.5,2,0.75,0.4,1.2,0.5,1.6,2.1,0.2,0,0.1,1.8
DeAndre Liggins,NOP,58,12.5,0.7,1.8,0.377,0.3,0.9,0.358,0,0.1,0.4,0.3,1.4,0.1,1.2,1.3,0.8,0.6,0.2,1.7
Damien Wilkins,IND,19,8,0.7,2.1,0.333,0.2,0.9,0.222,0.2,0.2,0.75,0.3,0.4,0.3,0.6,0.8,0.5,0.1,0.1,1.7
Joakim Noah,NYK,7,5.7,0.7,1.4,0.5,0,0,0,0.3,0.6,0.5,0.6,0.7,0.9,1.1,2,0.6,0.3,0.3,1.7
Larry Drew,NOP,10,7,0.7,2.4,0.292,0.3,0.9,0.333,0,0,0,0.3,0.6,0.3,0,0.3,1,0,0,1.7
Damian Jones,GSW,15,5.9,0.7,1.5,0.5,0,0,0,0.2,0.3,0.6,0.3,0.9,0.3,0.6,0.9,0.1,0.1,0.2,1.7
Matt Williams,MIA,3,3.8,0.7,2,0.333,0.3,1.7,0.2,0,0,0,0.3,0.3,0,0.3,0.3,0,0,0,1.7
Furkan Korkmaz,PHI,14,5.7,0.6,2,0.286,0.4,1.2,0.294,0.1,0.3,0.5,0.1,0.9,0.1,0.6,0.8,0.3,0.1,0.1,1.6
James Webb III,BRK,10,12,0.6,2.4,0.25,0.4,1.9,0.211,0,0,0,0.4,1,0.8,1.6,2.4,0.4,0.1,0,1.6
Andrew Bogut,LAL,24,9,0.7,1,0.68,0,0,0,0.1,0.1,1,0.8,1.7,1.1,2.2,3.2,0.6,0.2,0.5,1.5
Richard Jefferson,DEN,20,8.2,0.6,1.4,0.444,0.1,0.3,0.286,0.2,0.3,0.571,0.2,0.6,0.1,0.8,0.8,0.8,0.1,0.1,1.5
Alfonzo McKinnie,TOR,14,3.8,0.6,1.1,0.533,0.2,0.6,0.333,0.1,0.2,0.667,0.2,0.6,0.1,0.4,0.5,0.1,0.1,0.1,1.5
Joel Bolomboy,MIL,6,6.3,0.5,1,0.5,0,0.2,0,0.5,1,0.5,0.3,0.5,1,0.7,1.7,0,0.3,0,1.5
Jeff Withey,DAL,10,3.9,0.6,1.6,0.375,0.2,1,0.2,0.1,0.2,0.5,0.2,0.3,0.1,0.9,1,0,0,0.3,1.5
Vince Hunter,MEM,4,1.9,0.8,1.2,0.6,0,0,0,0,0,0,0.2,0,0.5,0.2,0.8,0,0,0.2,1.5
Thomas Bryant,LAL,15,4.8,0.5,1.4,0.381,0.1,0.7,0.1,0.3,0.6,0.556,0.1,0.4,0.2,0.9,1.1,0.4,0.1,0.1,1.5
Marcus Georges-Hunt,MIN,42,5.3,0.5,1.1,0.438,0.1,0.4,0.267,0.3,0.5,0.619,0.1,0.8,0.2,0.2,0.4,0.2,0.1,0,1.4
Antonius Cleveland,ATL,17,7.2,0.5,1.2,0.381,0.2,0.2,0.75,0.2,0.4,0.667,0.4,1.4,0.2,0.6,0.8,0.1,0.4,0.3,1.4
Tim Quarterman,HOU,3,4.2,0.3,1,0.333,0,0.7,0,0.7,0.7,1,0.7,0.3,0,1,1,0.3,0,0,1.3
Markel Brown,HOU,4,7.9,0.5,1.8,0.286,0.2,1.2,0.2,0,0,0,0.5,1.5,0.2,1,1.2,0.5,0,0,1.2
Omer Asik,CHI,18,10.1,0.5,1.2,0.409,0,0,0,0.2,0.7,0.308,0.5,1.1,0.5,2.1,2.6,0.2,0.1,0.2,1.2
Zhou Qi,HOU,18,6.9,0.3,1.8,0.188,0.1,1.1,0.105,0.4,0.7,0.667,0.6,0.8,0.3,0.9,1.2,0.1,0.1,0.8,1.2
Ike Anigbogu,IND,11,2.7,0.4,0.8,0.444,0,0,0,0.5,0.5,0.833,0.2,0.1,0.5,0.4,0.8,0,0.1,0.3,1.2
Darrun Hilliard,SAS,14,6.8,0.4,1.4,0.263,0,0.4,0,0.4,0.5,0.857,0.3,0.5,0,0.5,0.5,0.8,0.1,0,1.1
Demetrius Jackson,PHI,15,5.3,0.5,1.2,0.389,0.1,0.5,0.143,0.1,0.1,0.5,0.7,0.5,0.3,0.5,0.8,0.6,0.3,0.1,1.1
Kadeem Allen,BOS,18,6,0.3,1.2,0.273,0,0.6,0,0.4,0.5,0.778,0.5,0.8,0.2,0.4,0.6,0.7,0.2,0.1,1.1
Alex Poythress,IND,25,4.2,0.4,1,0.423,0.2,0.4,0.364,0,0,0,0.1,0.6,0.3,0.4,0.7,0.1,0.1,0,1
Matt Costello,SAS,4,8.1,0.5,1,0.5,0,0,0,0,0,0,0.2,1.8,0.2,2,2.2,0.5,0.5,0.5,1
Georges Niang,UTA,9,3.5,0.4,1.2,0.364,0,0.4,0,0.1,0.2,0.5,0.3,0.1,0.3,0.7,1,0.3,0.2,0,1
Reggie Hearn,DET,3,2.2,0.3,0.7,0.5,0.3,0.7,0.5,0,0,0,0,0,0,0,0,0,0,0,1
P.J. Dozier,OKC,2,1.6,0.5,1,0.5,0,0,0,0,0,0,0.5,0.5,0,0.5,0.5,0,0,0,1
Derrick Williams,LAL,2,4.3,0.5,2,0.25,0,1,0,0,0,0,0,0,0,0.5,0.5,0,0,0,1
Scotty Hopson,DAL,1,8.4,0,1,0,0,0,0,1,2,0.5,1,0,0,0,0,1,0,0,1
Jake Layman,POR,35,4.6,0.4,1.3,0.298,0.1,0.6,0.2,0.1,0.1,0.667,0.1,0.4,0.1,0.3,0.5,0.3,0.2,0.1,1
D.J. Wilson,MIL,22,3.2,0.4,0.7,0.562,0.1,0.2,0.4,0,0.1,0.5,0.2,0.3,0.1,0.4,0.5,0.1,0.1,0,1
Tony Bradley,UTA,9,3.2,0.3,1.2,0.273,0,0.1,0,0.2,0.2,1,0,0.1,0.4,0.8,1.2,0.1,0,0,0.9
Julyan Stone,CHA,23,7.6,0.3,0.6,0.462,0.3,0.6,0.462,0,0.1,0.5,0.3,0.9,0,1.2,1.3,1.1,0.2,0.1,0.8
Jake Wiley,BRK,5,6.7,0.2,0.8,0.25,0.2,0.4,0.5,0.2,0.4,0.5,0,0.8,0.4,1.8,2.2,0.4,0.2,0,0.8
Josh Smith,NOP,3,3.9,0.3,1.3,0.25,0,0,0,0,0,0,0,1,1,0.3,1.3,0,0,0,0.7
Jacob Pullen,PHI,3,2,0.3,0.7,0.5,0,0.3,0,0,0,0,0.3,0,0,0,0,0,0,0,0.7
Vander Blue,LAL,5,9,0.2,1,0.2,0,0.4,0,0.2,0.4,0.5,0.6,0.4,0,0.2,0.2,0.6,0.2,0,0.6
Cole Aldrich,MIN,21,2.3,0.2,0.7,0.333,0,0,0,0.1,0.3,0.333,0,0.5,0.1,0.6,0.7,0.1,0.1,0,0.6
Udonis Haslem,MIA,14,5.1,0.2,1.1,0.2,0.1,0.6,0.125,0.1,0.1,0.5,0.1,0.2,0.2,0.5,0.7,0.4,0,0.1,0.6
London Perrantes,CLE,14,4.7,0.1,0.9,0.154,0,0.2,0,0.2,0.4,0.6,0.1,0.4,0.1,0.2,0.3,0.4,0.1,0.1,0.5
Xavier Munford,MIL,6,3.5,0.2,1,0.167,0,0.3,0,0.2,0.3,0.5,0.3,0.7,0.2,0,0.2,0.7,0.2,0,0.5
Charles Cooke,NOP,13,2.9,0.2,1.1,0.143,0.1,0.6,0.125,0.1,0.2,0.5,0.1,0,0,0.2,0.2,0.1,0.1,0,0.5
Nate Wolters,UTA,5,3.8,0.2,1.2,0.167,0,0,0,0,0,0,0,0.2,0.2,0.2,0.4,0.2,0,0,0.4
Nicolas Brussino,ATL,4,2.5,0,0.5,0,0,0.5,0,0,0,0,0,0,0,0.8,0.8,0,0,0,0
Jarell Eddie,CHI,3,2.9,0,0.7,0,0,0.7,0,0,0,0,0,0,0,0.3,0.3,0,0.3,0,0
Chris Boucher,GSW,1,1.3,0,1,0,0,1,0,0,0,0,0,0,0,1,1,0,0,0,0
Xavier Silas,BOS,2,3.7,0,1.5,0,0,1,0,0,0,0,0,0.5,0.5,0.5,1,0,0.5,0,0
Tyler Lydon,DEN,1,2.2,0,0,0,0,0,0,0,0,0,0,0,0,0,0,0,0,0,0
Trey McKinney Jones,IND,1,1.2,0,0,0,0,0,0,0,0,0,0,0,0,0,0,0,0,0,0
Ben Moore,IND,2,4.6,0,0,0,0,0,0,0,0,0,0,2,0,0.5,0.5,0.5,0,0,0
Erik McCree,UTA,4,1.9,0,0.5,0,0,0.2,0,0,0,0,0.2,0,0,0.2,0.2,0,0.2,0,0
Luis Montero,DET,2,4,0,0.5,0,0,0,0,0,0,0,1,0,0,1,1,0,0,0,0
Mindaugas Kuzminskas,NYK,1,1.9,0,2,0,0,0,0,0,0,0,0,0,0,0,0,0,0,0,0
Josh McRoberts,DAL,2,2.9,0,0.5,0,0,0.5,0,0,0,0,0,1,0,0,0,0,0,0,0